Event_Number,StreetNum,StreetName,Full_Address,City,Reporting_District,Dispatch_Date_Time,Dispatch_Date,Dispatch_Time,Incident_Type_Desc_Display
17-147084,588 ,S PERRYVILLE RD,588 S PERRYVILLE RD,Rockford,RP10,2017-11-24 16:25:45,2017-11-24,16:25:45,OTHER DISORDERLY CONDUCT
17-147093,3109 ,W STATE ST,3109 W STATE ST,Rockford,RP04,2017-11-24 16:15:11,2017-11-24,16:15:11,OTHER PUBLIC COMPLAINT
17-147096,2207 ,12TH AVE,2207 12TH AVE,Rockford,RP05,2017-11-24 16:03:21,2017-11-24,16:03:21,ALARM (NON SPECIFIC)
17-147098,1045 ,W STATE ST,1045 W STATE ST,Rockford,RP03,2017-11-24 16:12:39,2017-11-24,16:12:39,WEAPONS VIOLATION
17-147103,554 ,RANGER ST,554 RANGER ST,Rockford,RP07,2017-11-24 16:32:14,2017-11-24,16:32:14,WEAPONS VIOLATION
17-147104,2715 ,9TH ST,2715 9TH ST,Rockford,RP07,2017-11-24 16:51:21,2017-11-24,16:51:21,BUILDING CHECK
17-147108,5509 ,MIDVALE DR,5509 MIDVALE DR,Rockford,RP09,2017-11-24 16:59:15,2017-11-24,16:59:15,CHECK FOR WELL BEING
17-147109,218 ,OAKWOOD AVE,218 OAKWOOD AVE,Rockford,RP02,2017-11-24 17:01:34,2017-11-24,17:01:34,OTHER DISORDERLY CONDUCT
17-147111, ,22ND ST&BROADWAY,22ND ST&BROADWAY,Rockford,RP09,2017-11-24 16:48:13,2017-11-24,16:48:13,CHECK FOR WELL BEING
17-147114,1707 ,SCHOOL ST,1707 SCHOOL ST,Rockford,RP04,2017-11-24 16:56:40,2017-11-24,16:56:40,DEPARTMENT SERVICE/ACTIVITY PRELIMINARY FOLLOW-UP
17-147115, ,2ND AVE&S GARDINER AVE,2ND AVE&S GARDINER AVE,Rockford,RP05,2017-11-24 16:57:43,2017-11-24,16:57:43,WEAPONS VIOLATION
17-147116,137 ,S PROSPECT ST,137 S PROSPECT ST,Rockford,RP05,2017-11-24 17:04:09,2017-11-24,17:04:09,PARKING COMPLAINT
17-147119,616 ,DAISYFIELD RD,616 DAISYFIELD RD,Rockford,WB11,2017-11-24 17:07:12,2017-11-24,17:07:12,DEPARTMENT SERVICE/ACTIVITY PRELIMINARY FOLLOW-UP
17-147120,804 ,TAFT RD,804 TAFT RD,Rockford,RP07,2017-11-24 17:08:29,2017-11-24,17:08:29,CHECK FOR WELL BEING
17-147121,1510 ,BLAISDELL ST,1510 BLAISDELL ST,Rockford,RP04,2017-11-24 18:00:27,2017-11-24,18:00:27,SUSPICIOUS PERSON
17-147123,3929 ,BROADWAY; SUITE 14,3929 BROADWAY; SUITE 14,Rockford,RP09,2017-11-24 17:21:00,2017-11-24,17:21:00,CHECK FOR WELL BEING
17-147124, ,KILBURN AVE&SCHOOL ST,KILBURN AVE&SCHOOL ST,Rockford,RP02,2017-11-24 17:16:50,2017-11-24,17:16:50,SUSPICIOUS AUTO
17-147127,6330 ,E STATE ST,6330 E STATE ST,Rockford,RP10,2017-11-24 17:26:55,2017-11-24,17:26:55,TRAFFIC ACCIDENT W/NO INJURIES PROPERTY DAMAGE ONLY
17-147128, ,DRESDEN AVE&RIDGE AVE,DRESDEN AVE&RIDGE AVE,Rockford,RP01,2017-11-24 17:26:25,2017-11-24,17:26:25,TRAFFIC STOP
17-147129,501 ,W STATE ST,501 W STATE ST,Rockford,RP03,2017-11-24 17:34:01,2017-11-24,17:34:01,OTHER DISORDERLY CONDUCT
17-147133,2405 ,AUBURN ST,2405 AUBURN ST,Rockford,RP01,2017-11-24 17:46:24,2017-11-24,17:46:24,ALARM (NON SPECIFIC)
17-147136, ,31ST ST&BROADWAY,31ST ST&BROADWAY,Rockford,RP09,2017-11-24 17:54:37,2017-11-24,17:54:37,CHECK FOR WELL BEING
17-147137,519 ,MARCHESANO DR,519 MARCHESANO DR,Rockford,RP03,2017-11-24 17:58:35,2017-11-24,17:58:35,SHOPLIFTER
17-147145, ,9TH ST&SANDY HOLLOW RD,9TH ST&SANDY HOLLOW RD,Rockford,RP07,2017-11-24 18:14:15,2017-11-24,18:14:15,CUSTOMR/MANAGEMENT DISPUTE
17-147146,1405 ,KISHWAUKEE ST,1405 KISHWAUKEE ST,Rockford,RP06,2017-11-24 18:12:57,2017-11-24,18:12:57,OTHER DISORDERLY CONDUCT
17-147147,5718 ,WEYMOUTH DR,5718 WEYMOUTH DR,Rockford,RP08,2017-11-24 18:22:59,2017-11-24,18:22:59,CHECK FOR WELL BEING
17-147148,1242 ,N MAIN ST,1242 N MAIN ST,Rockford,RP02,2017-11-24 18:24:16,2017-11-24,18:24:16,SUSPICIOUS PERSON
17-147150, ,N LONGWOOD ST&WHITMAN ST,N LONGWOOD ST&WHITMAN ST,Rockford,RP05,2017-11-24 18:24:25,2017-11-24,18:24:25,RECKLESS DRIVING
17-147153,5420 ,GOLDEN PRAIRIE CIR,5420 GOLDEN PRAIRIE CIR,Rockford,WB81,2017-11-24 18:26:26,2017-11-24,18:26:26,SERVICE TO OTHER AGENCY-NON-SPECIFIC
17-147154,305 ,S MADISON ST,305 S MADISON ST,Rockford,PD01,2017-11-24 18:30:32,2017-11-24,18:30:32,RECKLESS DRIVING
17-147155, ,MULBERRY ST&N WYMAN ST,MULBERRY ST&N WYMAN ST,Rockford,RP03,2017-11-24 18:58:54,2017-11-24,18:58:54,PARKING COMPLAINT
17-147156,1321 ,S MAIN ST,1321 S MAIN ST,Rockford,RP03,2017-11-24 18:39:08,2017-11-24,18:39:08,DEPARTMENT SERVICE/ACTIVITY PRELIMINARY FOLLOW-UP
17-147157,6125 ,E STATE ST,6125 E STATE ST,Rockford,RP10,2017-11-24 18:52:09,2017-11-24,18:52:09,THEFT:UNDER $300
17-147158,1134 ,N MAIN ST,1134 N MAIN ST,Rockford,RP02,2017-11-24 18:46:05,2017-11-24,18:46:05,ALARM - BUSINESS
17-147159, ,BENTON ST&N LONGWOOD ST,BENTON ST&N LONGWOOD ST,Rockford,RP05,2017-11-24 18:48:59,2017-11-24,18:48:59,CRIMINAL DAMAGE TO VEHICLE
17-147160, ,BRIDGE STATE/ROCK RIVER,BRIDGE STATE/ROCK RIVER,Rockford,RP03,2017-11-24 18:53:48,2017-11-24,18:53:48,RECKLESS DRIVING
17-147161, ,KISHWAUKEE ST&TAFT RD,KISHWAUKEE ST&TAFT RD,Rockford,RP07,2017-11-24 18:55:16,2017-11-24,18:55:16,CHECK FOR WELL BEING
17-147162,5666 ,E STATE ST,5666 E STATE ST,Rockford,RP08,2017-11-24 18:57:06,2017-11-24,18:57:06,911 HANG UP
17-147163,1523 ,BARTON BLVD,1523 BARTON BLVD,Rockford,RP01,2017-11-24 19:00:01,2017-11-24,19:00:01,RECKLESS DRIVING
17-147164,825 ,ROYAL AVE,825 ROYAL AVE,Rockford,RP04,2017-11-24 19:00:38,2017-11-24,19:00:38,OTHER DISORDERLY CONDUCT
17-147167,1030 ,E STATE ST,1030 E STATE ST,Rockford,RP05,2017-11-24 19:10:09,2017-11-24,19:10:09,911 OPEN LINE/UNKNOWN
17-147168,311 ,KARLS CT,311 KARLS CT,Rockford,RP10,2017-11-24 19:23:57,2017-11-24,19:23:57,CHECK FOR WELL BEING
17-147169,2750 ,N MULFORD RD,2750 N MULFORD RD,Rockford,RP08,2017-11-24 19:25:40,2017-11-24,19:25:40,CHECK FOR WELL BEING
17-147170, ,N CHURCH ST&WHITMAN ST,N CHURCH ST&WHITMAN ST,Rockford,RP02,2017-11-24 19:27:30,2017-11-24,19:27:30,TRAFFIC STOP
17-147171,200 ,Y BLVD,200 Y BLVD,Rockford,RP05,2017-11-24 19:32:09,2017-11-24,19:32:09,SERVICE TO OTHER AGENCY-NON-SPECIFIC
17-147172,4916 ,HARRISON AVE,4916 HARRISON AVE,Rockford,RP09,2017-11-24 19:32:51,2017-11-24,19:32:51,LOUD MUSIC/VEHICLE
17-147173,4824 ,CREEKVIEW RD,4824 CREEKVIEW RD,Rockford,RP09,2017-11-24 19:45:46,2017-11-24,19:45:46,OTHER DISORDERLY CONDUCT
17-147174, ,8TH ST&HARRISON AVE,8TH ST&HARRISON AVE,Rockford,RP07,2017-11-24 19:41:41,2017-11-24,19:41:41,TRAFFIC STOP
17-147177,626 ,SMITH AVE,626 SMITH AVE,Rockford,RP05,2017-11-24 19:57:56,2017-11-24,19:57:56,WEAPONS VIOLATION
17-147180,1204 ,30TH ST,1204 30TH ST,Rockford,RP09,2017-11-24 21:35:41,2017-11-24,21:35:41,SERVICE TO OTHER AGENCY-NON-SPECIFIC
17-147182, ,N HORSMAN ST&WHITMAN ST,N HORSMAN ST&WHITMAN ST,Rockford,RP02,2017-11-24 19:58:12,2017-11-24,19:58:12,TRAFFIC STOP
17-147188,300 ,REGAN ST,300 REGAN ST,Rockford,RP05,2017-11-24 20:05:17,2017-11-24,20:05:17,SUSPICIOUS AUTO
17-147191, ,AUBURN ST&HUFFMAN BLVD,AUBURN ST&HUFFMAN BLVD,Rockford,RP02,2017-11-24 20:20:23,2017-11-24,20:20:23,TRAFFIC STOP
17-147192, ,11TH ST&4TH AVE,11TH ST&4TH AVE,Rockford,RP05,2017-11-24 20:28:59,2017-11-24,20:28:59,TRAFFIC STOP
17-147195,1133 ,TULIP LN,1133 TULIP LN,Rockford,RP10,2017-11-24 20:35:02,2017-11-24,20:35:02,SUSPICIOUS AUTO
17-147197,1870 ,N PERRYVILLE RD,1870 N PERRYVILLE RD,Rockford,RP10,2017-11-24 20:48:14,2017-11-24,20:48:14,ALARM - BUSINESS
17-147198, ,5TH AVE&7TH ST,5TH AVE&7TH ST,Rockford,RP05,2017-11-24 20:48:54,2017-11-24,20:48:54,TRAFFIC STOP
17-147200,310 ,ARNOLD AVE,310 ARNOLD AVE,Rockford,RP09,2017-11-24 20:59:05,2017-11-24,20:59:05,MEDICAL ASSIST
17-147202, ,N CENTRAL AVE&W JEFFERSON ST,N CENTRAL AVE&W JEFFERSON ST,Rockford,RP02,2017-11-24 21:04:42,2017-11-24,21:04:42,TRAFFIC STOP
17-147203,5400 ,E STATE ST,5400 E STATE ST,Rockford,RP08,2017-11-24 21:07:37,2017-11-24,21:07:37,TRAFFIC STOP
17-147204, ,BROADWAY&PARMELE ST,BROADWAY&PARMELE ST,Rockford,RP06,2017-11-24 21:10:40,2017-11-24,21:10:40,TRAFFIC STOP
17-147205,214 ,CAMERON AVE,214 CAMERON AVE,Rockford,RP04,2017-11-24 21:14:15,2017-11-24,21:14:15,OTHER DISORDERLY CONDUCT
17-147206,3009 ,7TH ST,3009 7TH ST,Rockford,RP07,2017-11-24 21:30:09,2017-11-24,21:30:09,THEFT:UNDER $300
17-147207, ,LARSON AVE&PETER AVE,LARSON AVE&PETER AVE,Rockford,RP09,2017-11-24 21:26:26,2017-11-24,21:26:26,TRAFFIC STOP
17-147208, ,17TH ST&BROADWAY,17TH ST&BROADWAY,Rockford,RP05,2017-11-24 21:42:50,2017-11-24,21:42:50,TRAFFIC ACCIDENT W/NO INJURIES PROPERTY DAMAGE ONLY
17-147209, ,CUNNINGHAM ST&S WINNEBAGO ST,CUNNINGHAM ST&S WINNEBAGO ST,Rockford,RP03,2017-11-24 21:34:04,2017-11-24,21:34:04,TRAFFIC STOP
17-147211, ,N DAY AVE&SHERMAN AVE,N DAY AVE&SHERMAN AVE,Rockford,RP04,2017-11-24 21:38:18,2017-11-24,21:38:18,ACCIDENT-HIT AND RUN
17-147212, ,HUNTER AVE&E STATE ST,HUNTER AVE&E STATE ST,Rockford,RP08,2017-11-24 21:41:25,2017-11-24,21:41:25,TRAFFIC STOP
17-147215,707 ,FULTONAVE,707 FULTONAVE,Rockford,RP01,2017-11-24 21:51:53,2017-11-24,21:51:53,CRIMINAL DAMAGE TO VEHICLE
17-147217,1122 ,17TH ST,1122 17TH ST,Rockford,RP05,2017-11-24 22:06:21,2017-11-24,22:06:21,IN PROGRESS PROPERTY (HOME INVASION, BURGLARY IN-PROGRESS, ETC.)
17-147218, ,HILL ST&N MADISON ST,HILL ST&N MADISON ST,Rockford,RP05,2017-11-24 22:12:18,2017-11-24,22:12:18,SUSPICIOUS AUTO
17-147220,3718 ,N MAIN ST,3718 N MAIN ST,Rockford,RP01,2017-11-24 22:12:21,2017-11-24,22:12:21,ALARM - BUSINESS
17-147221,1722 ,ROSE AVE,1722 ROSE AVE,Rockford,RP03,2017-11-24 22:13:07,2017-11-24,22:13:07,SUSPICIOUS INCIDENT
17-147222,1401 ,E STATE ST,1401 E STATE ST,Rockford,RP05,2017-11-24 22:31:13,2017-11-24,22:31:13,INVESTIGATION NON-SPECIFIC
17-147223,7000 ,WALTON ST,7000 WALTON ST,Rockford,RP10,2017-11-24 22:20:51,2017-11-24,22:20:51,INVESTIGATION NON-SPECIFIC
17-147224,1811 ,N COURT ST,1811 N COURT ST,Rockford,RP01,2017-11-24 22:24:06,2017-11-24,22:24:06,OTHER DISORDERLY CONDUCT
17-147225,700 ,N ALPINE RD,700 N ALPINE RD,Rockford,RP08,2017-11-24 22:24:38,2017-11-24,22:24:38,TRAFFIC STOP
17-147226,1722 ,ROSE AVE,1722 ROSE AVE,Rockford,RP03,2017-11-24 22:27:09,2017-11-24,22:27:09,CELLULAR 911 HANGUP
17-147227,2013 ,MCFARLAND RD,2013 MCFARLAND RD,Rockford,RP10,2017-11-24 22:27:32,2017-11-24,22:27:32,CHECK FOR WELL BEING
17-147228,2602 ,AUBURN ST,2602 AUBURN ST,Rockford,RP02,2017-11-24 22:30:30,2017-11-24,22:30:30,OTHER PUBLIC COMPLAINT
17-147229,1401 ,E STATE ST,1401 E STATE ST,Rockford,RP05,2017-11-24 22:50:57,2017-11-24,22:50:57,DEPARTMENT SERVICE/ACTIVITY PRELIMINARY FOLLOW-UP
17-147230,4800 ,E STATE ST 0,4800 E STATE ST 0,Rockford,RP08,2017-11-24 22:34:20,2017-11-24,22:34:20,TRAFFIC STOP
17-147231,3849 ,NORTHRIDGE DR,3849 NORTHRIDGE DR,Rockford,RP08,2017-11-24 22:36:45,2017-11-24,22:36:45,OTHER DISORDERLY CONDUCT
17-147233,2904 ,W STATE ST,2904 W STATE ST,Rockford,RP04,2017-11-24 22:46:17,2017-11-24,22:46:17,OTHER DISORDERLY CONDUCT
17-147234,1802 ,S 4TH ST,1802 S 4TH ST,Rockford,RP06,2017-11-24 22:43:03,2017-11-24,22:43:03,OTHER DISORDERLY CONDUCT
17-147240, ,11TH ST&PERSHING AVE,11TH ST&PERSHING AVE,Rockford,RP07,2017-11-24 22:54:21,2017-11-24,22:54:21,SUSPICIOUS NOISE
17-147241,3109 ,W STATE ST,3109 W STATE ST,Rockford,RP04,2017-11-24 22:55:35,2017-11-24,22:55:35,OTHER DISORDERLY CONDUCT
17-147242, ,BAYLISS AVE&MULBERRY ST,BAYLISS AVE&MULBERRY ST,Rockford,RP04,2017-11-25 00:50:15,2017-11-25,00:50:15,OTHER DISORDERLY CONDUCT
17-147243,3523 ,AUBURN ST,3523 AUBURN ST,Rockford,RP04,2017-11-24 22:58:06,2017-11-24,22:58:06,IN PROGRESS PROPERTY (HOME INVASION, BURGLARY IN-PROGRESS, ETC.)
17-147244,2327 ,KISHWAUKEE ST,2327 KISHWAUKEE ST,Rockford,RP06,2017-11-24 23:00:48,2017-11-24,23:00:48,OTHER DISORDERLY CONDUCT
17-147246, ,17TH AVE&S 6TH ST,17TH AVE&S 6TH ST,Rockford,RP06,2017-11-24 23:07:19,2017-11-24,23:07:19,CELLULAR 911 HANGUP
17-147247,1610 ,WILLS AVE,1610 WILLS AVE,Rockford,RP07,2017-11-24 23:05:01,2017-11-24,23:05:01,ALARM - BUSINESS
17-147248, ,20TH ST&ALTON AVE,20TH ST&ALTON AVE,Rockford,RP07,2017-11-24 23:15:48,2017-11-24,23:15:48,TRAFFIC-MOTORIST ASSIST
17-147249,2019 ,S MAIN ST,2019 S MAIN ST,Rockford,RP03,2017-11-24 23:25:58,2017-11-24,23:25:58,ALARM - BUSINESS
17-147250, ,GREEN ST&HOWARD AVE,GREEN ST&HOWARD AVE,Rockford,RP04,2017-11-24 23:07:04,2017-11-24,23:07:04,TRAFFIC STOP
17-147252,4026 ,AUBURN ST,4026 AUBURN ST,Rockford,RP04,2017-11-24 23:11:29,2017-11-24,23:11:29,WEAPONS VIOLATION
17-147255, ,N 2ND ST&E STATE ST,N 2ND ST&E STATE ST,Rockford,RP05,2017-11-24 23:24:02,2017-11-24,23:24:02,SUSPICIOUS PERSON
17-147256,1015 ,SUNSET CT,1015 SUNSET CT,Rockford,RP03,2017-11-24 23:29:37,2017-11-24,23:29:37,HOME INVASION
17-147257,2804 ,FOLIAGE LN,2804 FOLIAGE LN,Rockford,RP07,2017-11-24 23:35:15,2017-11-24,23:35:15,OTHER DISORDERLY CONDUCT
17-147258,426 ,N HORSMAN ST,426 N HORSMAN ST,Rockford,RP02,2017-11-24 23:46:40,2017-11-24,23:46:40,SUICIDAL SUBJECT
17-147259, ,CLIFTON AVE&S MAIN ST,CLIFTON AVE&S MAIN ST,Rockford,RP03,2017-11-25 00:17:07,2017-11-25,00:17:07,OTHER DISORDERLY CONDUCT
17-147260,1900 ,AUBURN ST,1900 AUBURN ST,Rockford,RP02,2017-11-24 23:36:56,2017-11-24,23:36:56,TRAFFIC STOP
17-147261,2000 ,CHRISTINA ST,2000 CHRISTINA ST,Rockford,RP06,2017-11-24 23:39:44,2017-11-24,23:39:44,OTHER DISORDERLY CONDUCT
17-147262,2330 ,17TH AVE,2330 17TH AVE,Rockford,RP05,2017-11-24 23:47:40,2017-11-24,23:47:40,PARKING COMPLAINT
17-147263,225 ,N COURT ST,225 N COURT ST,Rockford,RP03,2017-11-25 00:41:31,2017-11-25,00:41:31,OTHER PUBLIC COMPLAINT
17-147264,1066 ,MCKNIGHT CIR,1066 MCKNIGHT CIR,Rockford,RP10,2017-11-24 23:44:24,2017-11-24,23:44:24,SUICIDAL SUBJECT
17-147265,3292 ,MONTLAKE DR,3292 MONTLAKE DR,Rockford,RP08,2017-11-24 23:49:41,2017-11-24,23:49:41,WEAPONS VIOLATION
17-147266, ,FAIRVIEW AVE&E STATE ST,FAIRVIEW AVE&E STATE ST,Rockford,RP08,2017-11-24 23:50:58,2017-11-24,23:50:58,TRAFFIC STOP
17-147267,1320 ,N MAIN ST,1320 N MAIN ST,Rockford,RP02,2017-11-24 23:55:00,2017-11-24,23:55:00,BUILDING CHECK
17-147268, ,N CHURCH ST&YONGE ST,N CHURCH ST&YONGE ST,Rockford,RP01,2017-11-24 23:59:02,2017-11-24,23:59:02,WEAPONS VIOLATION
17-147270,1604 ,N CHURCH ST,1604 N CHURCH ST,Rockford,RP01,2017-11-25 00:04:58,2017-11-25,00:04:58,SIMPLE BATTERY
17-147272,2013 ,MCFARLAND RD,2013 MCFARLAND RD,Rockford,RP10,2017-11-25 00:03:41,2017-11-25,00:03:41,THEFT:UNDER $300
17-147274,2425 ,RURAL ST,2425 RURAL ST,Rockford,RP08,2017-11-25 00:57:10,2017-11-25,00:57:10,LOUD MUSIC
17-147275,1311 ,ASHLAND AVE,1311 ASHLAND AVE,Rockford,RP04,2017-11-25 01:16:05,2017-11-25,01:16:05,BURGLARY/UNLAWFUL ENTRY (NO FORCE)
17-147276,1400 ,N CENTRAL AVE,1400 N CENTRAL AVE,Rockford,RP04,2017-11-25 00:42:07,2017-11-25,00:42:07,OTHER PUBLIC SERVICE-NON SPECIFIC
17-147277,1520 ,5TH AVE,1520 5TH AVE,Rockford,RP05,2017-11-25 00:51:05,2017-11-25,00:51:05,NEIGHBORHOOD TROUBLE
17-147278, ,9TH ST&E STATE ST,9TH ST&E STATE ST,Rockford,RP05,2017-11-25 00:19:03,2017-11-25,00:19:03,TRAFFIC STOP
17-147279,1020 ,CROSBY ST,1020 CROSBY ST,Rockford,RP05,2017-11-25 00:32:24,2017-11-25,00:32:24,SUSPICIOUS AUTO
17-147281,2900 ,CHARLES ST,2900 CHARLES ST,Rockford,RP09,2017-11-25 00:31:29,2017-11-25,00:31:29,ACCIDENT-HIT AND RUN
17-147288,1604 ,N CHURCH ST,1604 N CHURCH ST,Rockford,RP01,2017-11-25 00:50:00,2017-11-25,00:50:00,RESISTING/OBSTRUCTING POLICE OFFICER
17-147289,412 ,N CHURCH ST,412 N CHURCH ST,Rockford,RP02,2017-11-25 00:54:57,2017-11-25,00:54:57,OTHER DISORDERLY CONDUCT
17-147290, ,CALVIN PARK BLVD N&E STATE ST,CALVIN PARK BLVD N&E STATE ST,Rockford,RP08,2017-11-25 00:54:36,2017-11-25,00:54:36,SERVICE TO OTHER AGENCY-NON-SPECIFIC
17-147292,628 ,DAWSON AVE,628 DAWSON AVE,Rockford,RP08,2017-11-25 01:05:11,2017-11-25,01:05:11,OTHER PUBLIC COMPLAINT
17-147293,329 ,N PROSPECT ST,329 N PROSPECT ST,Rockford,RP05,2017-11-25 01:11:36,2017-11-25,01:11:36,SUSPICIOUS PERSON
17-147295, ,15TH AVE&20TH ST,15TH AVE&20TH ST,Rockford,RP09,2017-11-25 01:23:24,2017-11-25,01:23:24,SUSPICIOUS PERSON
17-147296, ,9TH ST&E STATE ST,9TH ST&E STATE ST,Rockford,RP05,2017-11-25 01:23:58,2017-11-25,01:23:58,TRAFFIC STOP
17-147298,2404 ,YONGE ST,2404 YONGE ST,Rockford,RP01,2017-11-25 01:32:54,2017-11-25,01:32:54,FOUND ARTICLE
17-147299, ,HARRISON AVE&SEMINARY ST,HARRISON AVE&SEMINARY ST,Rockford,RP06,2017-11-25 01:28:16,2017-11-25,01:28:16,TRAFFIC STOP
17-147300,707 ,FULTON AVE,707 FULTON AVE,Rockford,RP01,2017-11-25 01:48:17,2017-11-25,01:48:17,BURGLARY TO MOTOR VEHICLE
17-147302, ,CEDAR ST&S MAIN ST,CEDAR ST&S MAIN ST,Rockford,RP03,2017-11-25 01:40:08,2017-11-25,01:40:08,WEAPONS VIOLATION
17-147303,1625 ,8TH ST,1625 8TH ST,Rockford,RP06,2017-11-25 01:40:34,2017-11-25,01:40:34,OTHER PUBLIC COMPLAINT
17-147304,1300 ,ASHLAND AVE,1300 ASHLAND AVE,Rockford,RP04,2017-11-25 01:42:37,2017-11-25,01:42:37,WEAPONS VIOLATION
17-147305, ,BENTON ST&N LONGWOOD ST,BENTON ST&N LONGWOOD ST,Rockford,RP05,2017-11-25 01:45:14,2017-11-25,01:45:14,TRAFFIC STOP
17-147306, ,N 4TH ST&E JEFFERSON ST,N 4TH ST&E JEFFERSON ST,Rockford,RP05,2017-11-25 01:55:20,2017-11-25,01:55:20,SERVICE TO OTHER AGENCY-NON-SPECIFIC
17-147307, ,KISHWAUKEE ST&SOUTH AVE,KISHWAUKEE ST&SOUTH AVE,Rockford,RP07,2017-11-25 01:58:20,2017-11-25,01:58:20,TRAFFIC STOP
17-147310,2316 ,MULBERRY ST,2316 MULBERRY ST,Rockford,RP04,2017-11-25 02:14:19,2017-11-25,02:14:19,TELEPHONE THREAT
17-147311, ,KISHWAUKEE ST&NEW MILFORD AVE,KISHWAUKEE ST&NEW MILFORD AVE,Rockford,RP07,2017-11-25 02:11:45,2017-11-25,02:11:45,TRAFFIC STOP
17-147312,3870 ,N PERRYVILLE RD,3870 N PERRYVILLE RD,Rockford,RP10,2017-11-25 02:14:00,2017-11-25,02:14:00,ACCIDENT-HIT AND RUN
17-147313, ,20TH ST&CHARLES ST,20TH ST&CHARLES ST,Rockford,RP09,2017-11-25 02:13:54,2017-11-25,02:13:54,TRAFFIC STOP
17-147314, ,JACKSON ST&WARREN AVE,JACKSON ST&WARREN AVE,Rockford,RP08,2017-11-25 02:14:30,2017-11-25,02:14:30,TRAFFIC STOP
17-147315,224 ,CAMERON AVE,224 CAMERON AVE,Rockford,RP04,2017-11-25 02:30:44,2017-11-25,02:30:44,OTHER DISORDERLY CONDUCT
17-147316,1408 ,GRANT AVE,1408 GRANT AVE,Rockford,RP02,2017-11-25 02:31:42,2017-11-25,02:31:42,CELLULAR 911 HANGUP
17-147317, ,KISHWAUKEE ST&SANER AVE,KISHWAUKEE ST&SANER AVE,Rockford,RP07,2017-11-25 02:30:03,2017-11-25,02:30:03,TRAFFIC STOP
17-147318,100 ,N MULFORD RD,100 N MULFORD RD,Rockford,RP08,2017-11-25 02:32:04,2017-11-25,02:32:04,TRAFFIC STOP
17-147319,136 ,N LONGWOOD ST,136 N LONGWOOD ST,Rockford,RP05,2017-11-25 02:34:16,2017-11-25,02:34:16,OTHER DISORDERLY CONDUCT
17-147320,2918 ,CHARLES ST,2918 CHARLES ST,Rockford,RP09,2017-11-25 03:31:04,2017-11-25,03:31:04,LOUD PARTY
17-147323,3468 ,HOLIDAY DR,3468 HOLIDAY DR,Rockford,RP07,2017-11-25 02:42:26,2017-11-25,02:42:26,LOUD PARTY
17-147325,1401 ,E STATE ST,1401 E STATE ST,Rockford,RP05,2017-11-25 03:02:41,2017-11-25,03:02:41,DEPARTMENT SERVICE/ACTIVITY PRELIMINARY FOLLOW-UP
17-147326,7561 ,E STATE ST,7561 E STATE ST,Rockford,RP10,2017-11-25 02:49:00,2017-11-25,02:49:00,SIMPLE BATTERY
17-147327,620 ,N CENTRAL AVE,620 N CENTRAL AVE,Rockford,RP04,2017-11-25 02:49:56,2017-11-25,02:49:56,OTHER PUBLIC COMPLAINT
17-147333, ,20TH AVE&S 4TH ST,20TH AVE&S 4TH ST,Rockford,RP06,2017-11-25 03:01:37,2017-11-25,03:01:37,OTHER DISORDERLY CONDUCT
17-147336,1000 ,CHAMBERLAIN ST,1000 CHAMBERLAIN ST,Rockford,RP05,2017-11-25 03:21:22,2017-11-25,03:21:22,DRUNKENNESS
17-147337,2225 ,W RIVERSIDE BLVD,2225 W RIVERSIDE BLVD,Rockford,RP01,2017-11-25 03:25:48,2017-11-25,03:25:48,CHECK FOR WELL BEING
17-147338,1311 ,ASHLAND AVE,1311 ASHLAND AVE,Rockford,RP04,2017-11-25 03:29:02,2017-11-25,03:29:02,BURGLARY/UNLAWFUL ENTRY (NO FORCE)
17-147341,1414 ,S MAIN ST,1414 S MAIN ST,Rockford,RP03,2017-11-25 03:55:48,2017-11-25,03:55:48,RECOVER STOLEN VEHICLE
17-147342,3004 ,GREENDALE DR,3004 GREENDALE DR,Rockford,RP09,2017-11-25 04:32:36,2017-11-25,04:32:36,ALARM - BUSINESS
17-147345,2914 ,W STATE ST,2914 W STATE ST,Rockford,RP04,2017-11-25 04:48:30,2017-11-25,04:48:30,ALARM - BUSINESS
17-147346,1009 ,SUNSET CT,1009 SUNSET CT,Rockford,RP03,2017-11-25 04:57:46,2017-11-25,04:57:46,OTHER DISORDERLY CONDUCT
17-147347,420 ,S PERRYVILLE RD,420 S PERRYVILLE RD,Rockford,RP10,2017-11-25 05:11:54,2017-11-25,05:11:54,CHECK FOR WELL BEING
17-147348,2826 ,11TH ST,2826 11TH ST,Rockford,RP07,2017-11-25 05:15:04,2017-11-25,05:15:04,LANDLORD/TENANT DISPUTE
17-147349, ,S 1ST ST&WALNUT ST,S 1ST ST&WALNUT ST,Rockford,RP05,2017-11-25 05:21:30,2017-11-25,05:21:30,SUSPICIOUS AUTO
17-147350,127 ,N DAY AVE,127 N DAY AVE,Rockford,RP04,2017-11-25 05:31:03,2017-11-25,05:31:03,OTHER DISORDERLY CONDUCT
17-147351,2323 ,BELL AVE,2323 BELL AVE,Rockford,RP01,2017-11-25 05:39:26,2017-11-25,05:39:26,CITIZEN REQUESTS STANDBY
17-147353,1225 ,BROADWAY,1225 BROADWAY,Rockford,RP06,2017-11-25 06:25:16,2017-11-25,06:25:16,ALARM - BUSINESS
17-147355, ,OVERDENE AVE&N ROCKTON AVE,OVERDENE AVE&N ROCKTON AVE,Rockford,RP01,2017-11-25 07:09:45,2017-11-25,07:09:45,BUILDING CHECK
17-147356,1015 ,SUNSET CT,1015 SUNSET CT,Rockford,RP03,2017-11-25 07:28:59,2017-11-25,07:28:59,BUILDING CHECK
17-147358,3849 ,NORTHRIDGE DR,3849 NORTHRIDGE DR,Rockford,RP08,2017-11-25 07:17:42,2017-11-25,07:17:42,SUSPICIOUS AUTO
17-147359,2500 ,S ALPINE RD,2500 S ALPINE RD,Rockford,RP09,2017-11-25 07:22:28,2017-11-25,07:22:28,SPECIAL FOOT PATROL
17-147360,3124 ,N ROCKTON AVE,3124 N ROCKTON AVE,Rockford,RP01,2017-11-25 07:31:05,2017-11-25,07:31:05,ALARM - BUSINESS
17-147361,6313 ,BELTLINE RD,6313 BELTLINE RD,Rockford,RP07,2017-11-25 07:31:56,2017-11-25,07:31:56,ALARM - BUSINESS
17-147362,500 ,W JEFFERSON ST,500 W JEFFERSON ST,Rockford,RP03,2017-11-25 08:11:37,2017-11-25,08:11:37,CRIMINAL DAMAGE TO VEHICLE
17-147364, ,11TH ST&US HWY 20,11TH ST&US HWY 20,Rockford,RP07,2017-11-25 07:39:43,2017-11-25,07:39:43,TRAFFIC STOP
17-147366,5389 ,INTERNATIONAL DR,5389 INTERNATIONAL DR,Rockford,RP07,2017-11-25 07:45:20,2017-11-25,07:45:20,ALARM - BUSINESS
17-147367, ,EL NIAGARA LOT,EL NIAGARA LOT,Rockford,RP05,2017-11-25 07:52:52,2017-11-25,07:52:52,PARKING COMPLAINT
17-147369, ,AUBURN ST&RUSSELL AVE,AUBURN ST&RUSSELL AVE,Rockford,RP04,2017-11-25 08:07:13,2017-11-25,08:07:13,LOST/MISSING ANIMAL
17-147372, ,S ALPINE RD&NEWBURG RD,S ALPINE RD&NEWBURG RD,Rockford,RP09,2017-11-25 08:13:28,2017-11-25,08:13:28,TRAFFIC-MOTORIST ASSIST
17-147373,1803 ,KISHWAUKEE ST,1803 KISHWAUKEE ST,Rockford,RP06,2017-11-25 08:13:03,2017-11-25,08:13:03,ALARM - BUSINESS
17-147374,1803 ,KISHWAUKEE ST,1803 KISHWAUKEE ST,Rockford,RP06,2017-11-25 08:21:44,2017-11-25,08:21:44,ALARM - BUSINESS
17-147376,503 ,N HORACE AVE,503 N HORACE AVE,Rockford,RP04,2017-11-25 08:37:08,2017-11-25,08:37:08,PARKING COMPLAINT
17-147377,2111 ,22ND ST,2111 22ND ST,Rockford,RP09,2017-11-25 08:37:06,2017-11-25,08:37:06,OTHER PUBLIC COMPLAINT
17-147378,1405 ,KISHWAUKEE ST,1405 KISHWAUKEE ST,Rockford,RP06,2017-11-25 08:41:02,2017-11-25,08:41:02,OTHER PUBLIC COMPLAINT
17-147379, ,CEDAR ST&SHORT HORSMAN ST,CEDAR ST&SHORT HORSMAN ST,Rockford,RP03,2017-11-25 09:02:35,2017-11-25,09:02:35,SUSPICIOUS AUTO
17-147380,1015 ,SUNSET CT,1015 SUNSET CT,Rockford,RP03,2017-11-25 08:39:32,2017-11-25,08:39:32,INVESTIGATION NON-SPECIFIC
17-147381,3342 ,S ALPINE RD,3342 S ALPINE RD,Rockford,RP07,2017-11-25 08:43:02,2017-11-25,08:43:02,TRAFFIC STOP
17-147382,3701 ,TRILLING AVE,3701 TRILLING AVE,Rockford,RP01,2017-11-25 09:16:30,2017-11-25,09:16:30,CHECK FOR WELL BEING
17-147386, ,AUBURN ST&N CENTRAL AVE,AUBURN ST&N CENTRAL AVE,Rockford,RP04,2017-11-25 08:54:51,2017-11-25,08:54:51,TRAFFIC STOP
17-147387,200 ,Y BLVD,200 Y BLVD,Rockford,RP05,2017-11-25 08:57:16,2017-11-25,08:57:16,INVESTIGATION NON-SPECIFIC
17-147388,2800 ,RUDEEN CL,2800 RUDEEN CL,Rockford,RP09,2017-11-25 08:59:16,2017-11-25,08:59:16,INVESTIGATION NON-SPECIFIC
17-147390,200 ,Y BLVD,200 Y BLVD,Rockford,RP05,2017-11-25 09:46:14,2017-11-25,09:46:14,DEPARTMENT SERVICE/ACTIVITY PRELIMINARY FOLLOW-UP
17-147392,1401 ,E STATE ST,1401 E STATE ST,Rockford,RP05,2017-11-25 10:06:48,2017-11-25,10:06:48,TELEPHONE THREAT
17-147394, ,OAKLEY AVE&SCHOOL ST,OAKLEY AVE&SCHOOL ST,Rockford,RP02,2017-11-25 09:22:59,2017-11-25,09:22:59,TRAFFIC STOP
17-147397,1428 ,NOTRE DAME RD,1428 NOTRE DAME RD,Rockford,RP01,2017-11-25 09:36:08,2017-11-25,09:36:08,ALARM - BUSINESS
17-147398,3619 ,MERRIOTT DR,3619 MERRIOTT DR,Rockford,RP01,2017-11-25 10:37:26,2017-11-25,10:37:26,PARKING COMPLAINT
17-147400, ,S NEW TOWNE DR&E STATE ST,S NEW TOWNE DR&E STATE ST,Rockford,RP09,2017-11-25 09:41:12,2017-11-25,09:41:12,OTHER DISORDERLY CONDUCT
17-147401,1015 ,SUNSET CT,1015 SUNSET CT,Rockford,RP03,2017-11-25 09:55:30,2017-11-25,09:55:30,DEPARTMENT SERVICE/ACTIVITY PRELIMINARY FOLLOW-UP
17-147402,4646 ,LINDEN RD,4646 LINDEN RD,Rockford,RP07,2017-11-25 09:56:57,2017-11-25,09:56:57,ALARM - BUSINESS
17-147405,1530 ,14TH ST,1530 14TH ST,Rockford,RP06,2017-11-25 10:09:08,2017-11-25,10:09:08,NEIGHBORHOOD TROUBLE
17-147407, ,AUBURN ST,AUBURN ST,Rockford,RP05,2017-11-25 10:16:09,2017-11-25,10:16:09,TRAFFIC-HAZZARD OR OBSTRUCTION
17-147408, ,COLORADO AVE&SEWARD AVE,COLORADO AVE&SEWARD AVE,Rockford,RP09,2017-11-25 11:21:40,2017-11-25,11:21:40,SUSPICIOUS AUTO
17-147410,205 ,W STATE ST,205 W STATE ST,Rockford,RP03,2017-11-25 11:35:39,2017-11-25,11:35:39,PARKING COMPLAINT
17-147412,3205 ,LYONS AVE,3205 LYONS AVE,Rockford,RP08,2017-11-25 10:34:34,2017-11-25,10:34:34,ALARM (NON SPECIFIC)
17-147415, ,N ALPINE RD&OLDE LYME DR,N ALPINE RD&OLDE LYME DR,Rockford,RP08,2017-11-25 10:46:21,2017-11-25,10:46:21,TRAFFIC STOP
17-147421, ,N COURT ST&W JEFFERSON ST,N COURT ST&W JEFFERSON ST,Rockford,RP03,2017-11-25 11:03:13,2017-11-25,11:03:13,TRAFFIC ACCIDENT W/NO INJURIES PROPERTY DAMAGE ONLY
17-147422, ,11TH ST&AIRPORT DR,11TH ST&AIRPORT DR,Rockford,RP07,2017-11-25 11:05:46,2017-11-25,11:05:46,TRAFFIC STOP
17-147424,537 ,LEXINGTON AVE,537 LEXINGTON AVE,Rockford,RP04,2017-11-25 11:41:06,2017-11-25,11:41:06,SUSPICIOUS AUTO
17-147426,1423 ,MAGNOLIA ST,1423 MAGNOLIA ST,Rockford,RP06,2017-11-25 11:23:54,2017-11-25,11:23:54,TELEPHONE THREAT
17-147427, ,S ALPINE RD&US HWY 20,S ALPINE RD&US HWY 20,Rockford,RP07,2017-11-25 11:25:34,2017-11-25,11:25:34,TRAFFIC STOP
17-147428, ,N AVON ST&SCHOOL ST,N AVON ST&SCHOOL ST,Rockford,RP02,2017-11-25 11:42:22,2017-11-25,11:42:22,OTHER DISORDERLY CONDUCT
17-147429,4326 ,SANDY HOLLOW RD,4326 SANDY HOLLOW RD,Rockford,RP07,2017-11-25 11:42:00,2017-11-25,11:42:00,OTHER DISORDERLY CONDUCT
17-147431,501 ,W STATE ST,501 W STATE ST,Rockford,RP03,2017-11-25 11:43:50,2017-11-25,11:43:50,WARRANT SERVICE
17-147432, ,W RIVERSIDE BLVD&N ROCKTON AVE,W RIVERSIDE BLVD&N ROCKTON AVE,Rockford,RP01,2017-11-25 12:12:38,2017-11-25,12:12:38,CHECK FOR WELL BEING
17-147434,2220 ,8TH ST,2220 8TH ST,Rockford,RP06,2017-11-25 11:52:17,2017-11-25,11:52:17,NEIGHBORHOOD TROUBLE
17-147438,4500 ,CHARLES ST,4500 CHARLES ST,Rockford,,2017-11-25 11:48:54,2017-11-25,11:48:54,TRAFFIC STOP
17-147444, ,APPLEWOOD LN&E RIVERSIDE BLVD,APPLEWOOD LN&E RIVERSIDE BLVD,Rockford,RP08,2017-11-25 12:08:32,2017-11-25,12:08:32,TRAFFIC STOP
17-147445, ,ARNOLD AVE&E STATE ST,ARNOLD AVE&E STATE ST,Rockford,RP09,2017-11-25 12:10:16,2017-11-25,12:10:16,TRAFFIC STOP
17-147446, ,W RIVERSIDE BLVD&N ROCKTON AVE,W RIVERSIDE BLVD&N ROCKTON AVE,Rockford,RP01,2017-11-25 12:22:11,2017-11-25,12:22:11,TRAFFIC-MOTORIST ASSIST
17-147448,5206 ,11TH ST,5206 11TH ST,Rockford,RP07,2017-11-25 12:28:22,2017-11-25,12:28:22,ALARM - BUSINESS
17-147449,1028 ,CUNNINGHAM ST,1028 CUNNINGHAM ST,Rockford,RP03,2017-11-25 12:28:10,2017-11-25,12:28:10,CRIMINAL DAMAGE TO PROPERTY 
17-147450,1015 ,W JEFFERSON ST,1015 W JEFFERSON ST,Rockford,RP02,2017-11-25 12:36:21,2017-11-25,12:36:21,WALK THROUGHS
17-147451, ,HARRISON AVE&KISHWAUKEE ST,HARRISON AVE&KISHWAUKEE ST,Rockford,RP06,2017-11-25 12:37:30,2017-11-25,12:37:30,TRAFFIC-MOTORIST ASSIST
17-147452, ,N MAIN ST&PARK AVE,N MAIN ST&PARK AVE,Rockford,RP02,2017-11-25 13:09:45,2017-11-25,13:09:45,SIMPLE BATTERY
17-147453, ,N HORSMAN ST&LAPP CT,N HORSMAN ST&LAPP CT,Rockford,RP02,2017-11-25 12:49:20,2017-11-25,12:49:20,SUSPICIOUS PERSON
17-147455,1045 ,W STATE ST,1045 W STATE ST,Rockford,RP03,2017-11-25 12:57:08,2017-11-25,12:57:08,MISSING ADULT
17-147456,320 ,N COURT ST,320 N COURT ST,Rockford,RP02,2017-11-25 12:58:44,2017-11-25,12:58:44,911 HANG UP
17-147458,1639 ,N ALPINE RD,1639 N ALPINE RD,Rockford,RP08,2017-11-25 13:05:50,2017-11-25,13:05:50,INVESTIGATION NON-SPECIFIC
17-147462,4114 ,LANDSTROM RD,4114 LANDSTROM RD,Rockford,RP08,2017-11-25 13:18:27,2017-11-25,13:18:27,ALARM - BUSINESS
17-147464, ,AUBURN ST&N MAIN ST,AUBURN ST&N MAIN ST,Rockford,RP02,2017-11-25 13:19:58,2017-11-25,13:19:58,TRAFFIC-MOTORIST ASSIST
17-147468, ,CHARLES ST&WILLIAMS PARK,CHARLES ST&WILLIAMS PARK,Rockford,RP05,2017-11-25 13:33:54,2017-11-25,13:33:54,TRAFFIC-MOTORIST ASSIST
17-147469,502 ,SEMINARY ST,502 SEMINARY ST,Rockford,RP05,2017-11-25 13:33:27,2017-11-25,13:33:27,WALK THROUGHS
17-147470, ,N 2ND ST&LAFAYETTE AVE,N 2ND ST&LAFAYETTE AVE,Rockford,RP05,2017-11-25 13:47:45,2017-11-25,13:47:45,TRAFFIC ACCIDENT W/NO INJURIES PROPERTY DAMAGE ONLY
17-147471,3209 ,11TH ST,3209 11TH ST,Rockford,RP07,2017-11-25 13:43:19,2017-11-25,13:43:19,SIMPLE BATTERY
17-147472,1021 ,MONTAGUE ST,1021 MONTAGUE ST,Rockford,RP03,2017-11-25 14:12:04,2017-11-25,14:12:04,911 OPEN LINE/UNKNOWN
17-147473,826 ,HASKELL AVE,826 HASKELL AVE,Rockford,RP02,2017-11-25 13:46:02,2017-11-25,13:46:02,ALARM - BUSINESS
17-147474,1317 ,TAYLOR ST,1317 TAYLOR ST,Rockford,RP04,2017-11-25 13:51:30,2017-11-25,13:51:30,OTHER DISORDERLY CONDUCT
17-147475, ,11TH ST&WILLS AVE,11TH ST&WILLS AVE,Rockford,RP07,2017-11-25 14:03:50,2017-11-25,14:03:50,TRAFFIC ACCIDENT W/NO INJURIES PROPERTY DAMAGE ONLY
17-147477,338 ,ST LOUIS AVE,338 ST LOUIS AVE,Rockford,RP05,2017-11-25 13:59:39,2017-11-25,13:59:39,SUSPICIOUS PERSON
17-147478, ,10TH AVE&8TH ST,10TH AVE&8TH ST,Rockford,RP06,2017-11-25 13:59:11,2017-11-25,13:59:11,ASSIGN ERRAND DELIVERY
17-147479, ,10TH AVE&8TH ST,10TH AVE&8TH ST,Rockford,RP06,2017-11-25 14:02:02,2017-11-25,14:02:02,SUSPICIOUS PERSON
17-147480, ,12TH AVE&8TH ST,12TH AVE&8TH ST,Rockford,RP06,2017-11-25 14:09:19,2017-11-25,14:09:19,SUSPICIOUS PERSON
17-147481,653 ,CLARK DR,653 CLARK DR,Rockford,RP10,2017-11-25 14:23:44,2017-11-25,14:23:44,911 HANG UP
17-147483, ,2ND AVE&KISHWAUKEE ST,2ND AVE&KISHWAUKEE ST,Rockford,RP05,2017-11-25 14:28:50,2017-11-25,14:28:50,TRAFFIC ACCIDENT W/NO INJURIES PROPERTY DAMAGE ONLY
17-147484,3721 ,AUBURN ST,3721 AUBURN ST,Rockford,RP04,2017-11-25 14:25:37,2017-11-25,14:25:37,CUSTOMR/MANAGEMENT DISPUTE
17-147486,1111 ,OGILBY RD,1111 OGILBY RD,Rockford,RP03,2017-11-25 14:56:06,2017-11-25,14:56:06,PARKING COMPLAINT
17-147487, ,N LONGWOOD ST&E STATE ST,N LONGWOOD ST&E STATE ST,Rockford,RP05,2017-11-25 14:29:23,2017-11-25,14:29:23,TRAFFIC ACCIDENT W/NO INJURIES PROPERTY DAMAGE ONLY
17-147490,526 ,E JEFFERSON ST,526 E JEFFERSON ST,Rockford,RP05,2017-11-25 16:25:47,2017-11-25,16:25:47,PARKING COMPLAINT
17-147491, ,KISHWAUKEE ST&SANDY HOLLOW RD,KISHWAUKEE ST&SANDY HOLLOW RD,Rockford,RP07,2017-11-25 14:43:09,2017-11-25,14:43:09,TRAFFIC-MOTORIST ASSIST
17-147492,4124 ,HARRISON AVE,4124 HARRISON AVE,Rockford,RP09,2017-11-25 14:48:09,2017-11-25,14:48:09,ASSIGN ERRAND DELIVERY
17-147493,1138 ,BROADWAY,1138 BROADWAY,Rockford,RP06,2017-11-25 14:51:58,2017-11-25,14:51:58,DEPARTMENT SERVICE/ACTIVITY PRELIMINARY FOLLOW-UP
17-147494,1032 ,E STATE ST,1032 E STATE ST,Rockford,RP05,2017-11-25 15:06:04,2017-11-25,15:06:04,TRAFFIC ACCIDENT W/NO INJURIES PROPERTY DAMAGE ONLY
17-147495,340 ,COLLEGE AVE,340 COLLEGE AVE,Rockford,RP06,2017-11-25 15:22:17,2017-11-25,15:22:17,WARRANT SERVICE
17-147496, ,N 2ND&WHITMAN ST,N 2ND&WHITMAN ST,Rockford,RP05,2017-11-25 15:09:31,2017-11-25,15:09:31,OTHER DISORDERLY CONDUCT
17-147498,1015 ,SUNSET CT,1015 SUNSET CT,Rockford,RP03,2017-11-25 15:34:31,2017-11-25,15:34:31,CITIZEN REQUESTS STANDBY
17-147499,3041 ,CHATEAU LN,3041 CHATEAU LN,Rockford,RP01,2017-11-25 15:30:33,2017-11-25,15:30:33,WARRANT SERVICE
17-147501, ,BROOKE RD&RIVER RD,BROOKE RD&RIVER RD,Rockford,RP07,2017-11-25 15:36:21,2017-11-25,15:36:21,Walk-in Report
17-147503,7219 ,WALTON ST,7219 WALTON ST,Rockford,RP10,2017-11-25 15:41:19,2017-11-25,15:41:19,SHOPLIFTER
17-147507,3926 ,W RIVERSIDE BLVD,3926 W RIVERSIDE BLVD,Rockford,RP01,2017-11-25 16:23:54,2017-11-25,16:23:54,WEAPONS VIOLATION
17-147508,505 ,N MAIN ST,505 N MAIN ST,Rockford,RP02,2017-11-25 16:11:50,2017-11-25,16:11:50,WALK THROUGHS
17-147509,3729 ,N MAIN ST,3729 N MAIN ST,Rockford,RP01,2017-11-25 17:53:49,2017-11-25,17:53:49,MISSING ADULT
17-147511,3206 ,PECAN ST,3206 PECAN ST,Rockford,RP08,2017-11-25 16:27:59,2017-11-25,16:27:59,DEPARTMENT SERVICE/ACTIVITY PRELIMINARY FOLLOW-UP
17-147512, ,9TH ST&BROOKE RD,9TH ST&BROOKE RD,Rockford,RP07,2017-11-25 16:37:59,2017-11-25,16:37:59,OTHER PUBLIC COMPLAINT
17-147513,1611 ,GREENWOOD AVE,1611 GREENWOOD AVE,Rockford,RP05,2017-11-25 16:43:49,2017-11-25,16:43:49,LOUD MUSIC
17-147515,4315 ,AUBURN ST,4315 AUBURN ST,Rockford,RP04,2017-11-25 16:33:35,2017-11-25,16:33:35,SUSPICIOUS AUTO
17-147516,999 ,S PERRYVILLE,999 S PERRYVILLE,Rockford,RP10,2017-11-25 17:14:43,2017-11-25,17:14:43,THEFT OVER $300
17-147517,4756 ,EASTLAWN DR,4756 EASTLAWN DR,Rockford,RP09,2017-11-25 18:53:06,2017-11-25,18:53:06,NEIGHBORHOOD TROUBLE
17-147518,502 ,E JEFFERSON ST,502 E JEFFERSON ST,Rockford,RP05,2017-11-25 17:27:30,2017-11-25,17:27:30,PARKING COMPLAINT
17-147519,2805 ,EDELWEISS RD,2805 EDELWEISS RD,Rockford,RP07,2017-11-25 16:40:45,2017-11-25,16:40:45,MEDICAL ASSIST
17-147520,360 ,COLLEGE AVE,360 COLLEGE AVE,Rockford,RP06,2017-11-25 17:16:28,2017-11-25,17:16:28,THEFT OVER $300
17-147522, ,S MULFORD RD&E STATE ST,S MULFORD RD&E STATE ST,Rockford,RP09,2017-11-25 16:45:15,2017-11-25,16:45:15,TRAFFIC ACCIDENT W/INJURIES
17-147523,1719 ,BRUNER ST,1719 BRUNER ST,Rockford,RP01,2017-11-25 18:48:01,2017-11-25,18:48:01,DEPARTMENT SERVICE/ACTIVITY PRELIMINARY FOLLOW-UP
17-147525,2824 ,GLADSTONE AVE,2824 GLADSTONE AVE,Rockford,RP01,2017-11-25 17:11:04,2017-11-25,17:11:04,OTHER DISORDERLY CONDUCT
17-147526, ,1ST AVE&7TH ST,1ST AVE&7TH ST,Rockford,RP05,2017-11-25 16:56:44,2017-11-25,16:56:44,CHECK FOR WELL BEING
17-147529, ,S ALPINE RD&HARRISON AVE,S ALPINE RD&HARRISON AVE,Rockford,RP09,2017-11-25 17:31:21,2017-11-25,17:31:21,TRAFFIC-MOTORIST ASSIST
17-147532, ,S ALPINE RD&HARRISON AVE,S ALPINE RD&HARRISON AVE,Rockford,RP09,2017-11-25 17:29:29,2017-11-25,17:29:29,TRAFFIC ACCIDENT W/NO INJURIES PROPERTY DAMAGE ONLY
17-147534, ,11TH ST&US HWY 20,11TH ST&US HWY 20,Rockford,RP07,2017-11-25 17:13:50,2017-11-25,17:13:50,TRAFFIC STOP
17-147536,1704 ,9TH ST,1704 9TH ST,Rockford,RP06,2017-11-25 17:41:54,2017-11-25,17:41:54,CHECK FOR WELL BEING
17-147539,2959 ,SHAW WOODS DR,2959 SHAW WOODS DR,Rockford,RP08,2017-11-25 18:29:57,2017-11-25,18:29:57,MEDICAL ASSIST
17-147542, ,CEDAR ST&S CHURCH ST,CEDAR ST&S CHURCH ST,Rockford,RP03,2017-11-25 18:17:14,2017-11-25,18:17:14,TRAFFIC ACCIDENT W/NO INJURIES PROPERTY DAMAGE ONLY
17-147543,154 ,15TH AVE,154 15TH AVE,Rockford,RP06,2017-11-25 17:57:32,2017-11-25,17:57:32,CHECK FOR WELL BEING
17-147545,1324 ,9TH ST,1324 9TH ST,Rockford,RP06,2017-11-25 18:41:33,2017-11-25,18:41:33,PARKING COMPLAINT
17-147547,2735 ,SILENT WOOD TRL,2735 SILENT WOOD TRL,Rockford,RP09,2017-11-25 18:36:29,2017-11-25,18:36:29,SUSPICIOUS PERSON
17-147550,2402 ,EVANSTON DR,2402 EVANSTON DR,Rockford,RP09,2017-11-25 18:54:07,2017-11-25,18:54:07,SUSPICIOUS PERSON
17-147551,3729 ,N MAIN ST,3729 N MAIN ST,Rockford,RP01,2017-11-25 18:19:37,2017-11-25,18:19:37,MISSING ADULT
17-147555,2924 ,GUILFORD RD,2924 GUILFORD RD,Rockford,RP08,2017-11-25 18:24:36,2017-11-25,18:24:36,WEAPONS VIOLATION
17-147556,121 ,N MADISON ST,121 N MADISON ST,Rockford,RP05,2017-11-25 18:24:03,2017-11-25,18:24:03,PRISONER TRANSPORT
17-147558, ,N MADISON ST&E STATE ST,N MADISON ST&E STATE ST,Rockford,RP05,2017-11-25 18:32:50,2017-11-25,18:32:50,SIMPLE BATTERY
17-147559,2316 ,JONATHAN AVE,2316 JONATHAN AVE,Rockford,RP01,2017-11-25 18:45:58,2017-11-25,18:45:58,DEPARTMENT SERVICE/ACTIVITY PRELIMINARY FOLLOW-UP
17-147560,6630 ,E STATE ST,6630 E STATE ST,Rockford,RP10,2017-11-25 19:32:03,2017-11-25,19:32:03,911 HANG UP
17-147562,2340 ,19TH AVE,2340 19TH AVE,Rockford,RP05,2017-11-25 18:45:51,2017-11-25,18:45:51,OTHER DISORDERLY CONDUCT
17-147563, ,S PERRYVILLE RD&E STATE ST,S PERRYVILLE RD&E STATE ST,Rockford,RP10,2017-11-25 18:50:40,2017-11-25,18:50:40,TRAFFIC ACCIDENT W/INJURIES
17-147565,120 ,W STATE ST,120 W STATE ST,Rockford,RP03,2017-11-25 18:51:39,2017-11-25,18:51:39,ALARM - BUSINESS
17-147569,501 ,W STATE ST,501 W STATE ST,Rockford,RP03,2017-11-25 19:13:01,2017-11-25,19:13:01,CHECK FOR WELL BEING
17-147570, ,12TH AVE&S 6TH ST,12TH AVE&S 6TH ST,Rockford,RP06,2017-11-25 19:15:07,2017-11-25,19:15:07,TRAFFIC STOP
17-147573,300 ,N HIGHLAND AVE,300 N HIGHLAND AVE,Rockford,RP05,2017-11-25 20:32:21,2017-11-25,20:32:21,LOUD MUSIC
17-147575, ,ELM ST&S MAIN ST,ELM ST&S MAIN ST,Rockford,RP03,2017-11-25 19:34:53,2017-11-25,19:34:53,ACCIDENT-HIT AND RUN
17-147577,200 ,Y BLVD,200 Y BLVD,Rockford,RP05,2017-11-25 19:37:13,2017-11-25,19:37:13,INVESTIGATION NON-SPECIFIC
17-147578,2308 ,PIERCE AVE,2308 PIERCE AVE,Rockford,RP01,2017-11-25 19:42:04,2017-11-25,19:42:04,911 OPEN LINE/UNKNOWN
17-147580, ,N 2ND ST&Y BLVD,N 2ND ST&Y BLVD,Rockford,RP05,2017-11-25 19:47:20,2017-11-25,19:47:20,TRAFFIC STOP
17-147583,2100 ,23RD AVE,2100 23RD AVE,Rockford,RP06,2017-11-25 20:00:16,2017-11-25,20:00:16,ALARM - BUSINESS
17-147586,3775 ,TRILLING AVE,3775 TRILLING AVE,Rockford,RP01,2017-11-25 20:14:56,2017-11-25,20:14:56,NEIGHBORHOOD TROUBLE
17-147587,965 ,N COURT ST,965 N COURT ST,Rockford,RP02,2017-11-25 20:39:05,2017-11-25,20:39:05,THEFT OVER $300
17-147588, ,CHESTNUT ST&TAY ST,CHESTNUT ST&TAY ST,Rockford,RP03,2017-11-25 20:21:03,2017-11-25,20:21:03,WEAPONS VIOLATION
17-147592,124 ,N WATER ST,124 N WATER ST,Rockford,RP05,2017-11-25 20:47:30,2017-11-25,20:47:30,ALARM - BUSINESS
17-147593, ,N 2ND ST&SPRING CREEK RD,N 2ND ST&SPRING CREEK RD,Rockford,RP05,2017-11-25 20:46:34,2017-11-25,20:46:34,TRAFFIC-MOTORIST ASSIST
17-147594,502 ,OVERLAND TRL,502 OVERLAND TRL,Rockford,RP04,2017-11-25 20:46:56,2017-11-25,20:46:56,CHECK FOR WELL BEING
17-147600, ,HARTFORD AVE&PRESTON ST,HARTFORD AVE&PRESTON ST,Rockford,RP04,2017-11-25 20:55:25,2017-11-25,20:55:25,STRONG ARM ROBBERY W/NO WEAPON
17-147602, ,S 6TH ST&BROADWAY,S 6TH ST&BROADWAY,Rockford,RP06,2017-11-25 20:53:54,2017-11-25,20:53:54,TRAFFIC STOP
17-147606,226 ,7TH ST,226 7TH ST,Rockford,RP05,2017-11-25 21:06:06,2017-11-25,21:06:06,OTHER DISORDERLY CONDUCT
17-147607, ,CALVIN PARK BLVD N&E STATE ST,CALVIN PARK BLVD N&E STATE ST,Rockford,RP08,2017-11-25 21:04:37,2017-11-25,21:04:37,TRAFFIC STOP
17-147608, ,AUBURN ST&MYOTT AVE,AUBURN ST&MYOTT AVE,Rockford,RP02,2017-11-25 21:22:01,2017-11-25,21:22:01,WEAPONS VIOLATION
17-147609,3200 ,BLACKSTONE AVE,3200 BLACKSTONE AVE,Rockford,RP04,2017-11-25 21:20:37,2017-11-25,21:20:37,LOUD MUSIC/VEHICLE
17-147610, ,12TH ST&7TH AVE,12TH ST&7TH AVE,Rockford,RP05,2017-11-25 21:09:13,2017-11-25,21:09:13,FIREWORKS
17-147611,3516 ,DELAWARE ST,3516 DELAWARE ST,Rockford,RP04,2017-11-25 21:19:48,2017-11-25,21:19:48,911 HANG UP
17-147614,2638 ,BILDAHL ST,2638 BILDAHL ST,Rockford,RP07,2017-11-25 21:25:15,2017-11-25,21:25:15,OTHER DISORDERLY CONDUCT
17-147615,3519 ,AVONDALE DR,3519 AVONDALE DR,Rockford,RP01,2017-11-25 21:43:22,2017-11-25,21:43:22,OTHER MENTAL RELATED ACTIVITIES NON SPECIFIC
17-147616,3807 ,16TH AVE,3807 16TH AVE,Rockford,RP09,2017-11-25 21:54:46,2017-11-25,21:54:46,CRIMINAL DAMAGE TO VEHICLE
17-147617,2819 ,ECHO ST,2819 ECHO ST,Rockford,RP07,2017-11-25 21:49:44,2017-11-25,21:49:44,OTHER DISORDERLY CONDUCT
17-147618, ,IRVING AVE&MULBERRY ST,IRVING AVE&MULBERRY ST,Rockford,RP02,2017-11-25 21:50:24,2017-11-25,21:50:24,TRAFFIC STOP
17-147619,2221 ,CANARY DR,2221 CANARY DR,Rockford,RP01,2017-11-25 22:08:03,2017-11-25,22:08:03,SERVICE TO OTHER AGENCY-NON-SPECIFIC
17-147620,4408 ,KENNETT AVE,4408 KENNETT AVE,Rockford,WB21,2017-11-25 21:56:35,2017-11-25,21:56:35,DEPARTMENT SERVICE/ACTIVITY PRELIMINARY FOLLOW-UP
17-147621, ,ST LOUIS AVE&E STATE ST,ST LOUIS AVE&E STATE ST,Rockford,RP05,2017-11-25 21:57:34,2017-11-25,21:57:34,SERVICE TO OTHER AGENCY-NON-SPECIFIC
17-147622,3729 ,N MAIN ST,3729 N MAIN ST,Rockford,RP01,2017-11-25 21:59:28,2017-11-25,21:59:28,SERVICE TO OTHER AGENCY-NON-SPECIFIC
17-147623, ,S PROSPECT ST&E STATE ST,S PROSPECT ST&E STATE ST,Rockford,RP05,2017-11-25 22:04:27,2017-11-25,22:04:27,TRAFFIC STOP
17-147625,226 ,7TH ST,226 7TH ST,Rockford,RP05,2017-11-25 22:05:56,2017-11-25,22:05:56,THEFT:UNDER $300
17-147627, ,FAIRVIEW AVE&MICHAEL DR,FAIRVIEW AVE&MICHAEL DR,Rockford,RP09,2017-11-25 22:12:04,2017-11-25,22:12:04,TRAFFIC STOP
17-147628,1103 ,BLAKE ST,1103 BLAKE ST,Rockford,RP03,2017-11-25 22:12:57,2017-11-25,22:12:57,RESIDENTIAL BURGLARY (NO FORCE)
17-147629,3216 ,N MAIN ST,3216 N MAIN ST,Rockford,RP01,2017-11-25 22:37:30,2017-11-25,22:37:30,SUSPICIOUS PERSON
17-147631, ,11TH AVE&7TH ST,11TH AVE&7TH ST,Rockford,RP06,2017-11-25 22:18:11,2017-11-25,22:18:11,TRAFFIC STOP
17-147634,300 ,VALE AVE N,300 VALE AVE N,Rockford,RP08,2017-11-25 22:24:02,2017-11-25,22:24:02,SUSPICIOUS PERSON
17-147635,1280 ,S ALPINE RD,1280 S ALPINE RD,Rockford,RP09,2017-11-25 22:25:23,2017-11-25,22:25:23,TRAFFIC STOP
17-147636,3725 ,E STATE ST,3725 E STATE ST,Rockford,RP09,2017-11-25 22:25:38,2017-11-25,22:25:38,DEPARTMENT SERVICE/ACTIVITY PRELIMINARY FOLLOW-UP
17-147638, ,10TH AVE&7TH ST,10TH AVE&7TH ST,Rockford,RP06,2017-11-25 22:33:46,2017-11-25,22:33:46,TRAFFIC STOP
17-147639, ,CROSBY ST&REGAN ST,CROSBY ST&REGAN ST,Rockford,RP05,2017-11-25 22:44:23,2017-11-25,22:44:23,SUSPICIOUS AUTO
17-147640, ,BOULDER CREEK WAY&S MULFORD RD,BOULDER CREEK WAY&S MULFORD RD,Rockford,RP10,2017-11-25 22:36:24,2017-11-25,22:36:24,TRAFFIC STOP
17-147641,4800 ,JAVELIN DR,4800 JAVELIN DR,Rockford,RP09,2017-11-25 22:37:13,2017-11-25,22:37:13,SUSPICIOUS PERSON
17-147643, ,DAISY AVE&REGAN ST,DAISY AVE&REGAN ST,Rockford,RP05,2017-11-25 22:38:18,2017-11-25,22:38:18,TRAFFIC STOP
17-147646,2227 ,16TH AVE,2227 16TH AVE,Rockford,RP05,2017-11-25 22:52:00,2017-11-25,22:52:00,PARKING COMPLAINT
17-147648, ,S BELL SCHOOL RD&E STATE ST,S BELL SCHOOL RD&E STATE ST,Rockford,RP10,2017-11-25 22:50:37,2017-11-25,22:50:37,TRAFFIC STOP
17-147652,5250 ,CRESTDALE DR,5250 CRESTDALE DR,Rockford,RP08,2017-11-25 22:54:33,2017-11-25,22:54:33,SERVICE TO OTHER AGENCY-NON-SPECIFIC
17-147653, ,8TH ST&BROADWAY,8TH ST&BROADWAY,Rockford,RP06,2017-11-25 22:57:53,2017-11-25,22:57:53,TRAFFIC STOP
17-147654,504 ,BARNUM RD,504 BARNUM RD,Rockford,RP07,2017-11-25 23:01:01,2017-11-25,23:01:01,CRIMINAL DAMAGE TO PROPERTY 
17-147655, ,ANDREWS ST&WILLARD AVE,ANDREWS ST&WILLARD AVE,Rockford,RP04,2017-11-25 23:03:54,2017-11-25,23:03:54,TRAFFIC STOP
17-147656, ,N MADISON ST&E STATE ST,N MADISON ST&E STATE ST,Rockford,RP05,2017-11-25 23:05:52,2017-11-25,23:05:52,OTHER DISORDERLY CONDUCT
17-147657, ,N MAIN ST&SALEM ST,N MAIN ST&SALEM ST,Rockford,RP02,2017-11-25 23:05:54,2017-11-25,23:05:54,TRAFFIC STOP
17-147661, ,S CENTRAL AVE&CHESTNUT ST,S CENTRAL AVE&CHESTNUT ST,Rockford,RP03,2017-11-25 23:25:45,2017-11-25,23:25:45,TRAFFIC STOP
17-147662,4026 ,AUBURN ST,4026 AUBURN ST,Rockford,RP04,2017-11-25 23:27:15,2017-11-25,23:27:15,SUSPICIOUS PERSON
17-147664,5619 ,CASTLEWOOD CT,5619 CASTLEWOOD CT,Rockford,RP09,2017-11-25 23:34:29,2017-11-25,23:34:29,SUSPICIOUS AUTO
17-147665,2406 ,AUBURN ST,2406 AUBURN ST,Rockford,RP02,2017-11-25 23:37:16,2017-11-25,23:37:16,OTHER DISORDERLY CONDUCT
17-147668,300 ,N MULFORD RD,300 N MULFORD RD,Rockford,RP08,2017-11-25 23:50:28,2017-11-25,23:50:28,SERVICE TO OTHER AGENCY-NON-SPECIFIC
17-147669,2323 ,CHARLES ST,2323 CHARLES ST,Rockford,RP05,2017-11-25 23:55:27,2017-11-25,23:55:27,ASSIGN ERRAND DELIVERY
17-147670, ,S ALPINE RD&E STATE ST,S ALPINE RD&E STATE ST,Rockford,RP08,2017-11-25 23:56:24,2017-11-25,23:56:24,TRAFFIC STOP
17-147671, ,AUBURN ST&KILBURN AVE,AUBURN ST&KILBURN AVE,Rockford,RP04,2017-11-25 23:56:34,2017-11-25,23:56:34,TRAFFIC STOP
17-147672, ,18TH AVE&7TH ST,18TH AVE&7TH ST,Rockford,RP06,2017-11-25 23:56:47,2017-11-25,23:56:47,RECKLESS DRIVING
17-147673,1915 ,CLIFTON AVE,1915 CLIFTON AVE,Rockford,RP03,2017-11-26 00:15:04,2017-11-26,00:15:04,INVESTIGATION NON-SPECIFIC
17-147674,5604 ,WOODBINE DR,5604 WOODBINE DR,Rockford,RP09,2017-11-26 00:10:38,2017-11-26,00:10:38,WEAPONS VIOLATION
17-147677, ,E STATE ST&SUMMIT ST,E STATE ST&SUMMIT ST,Rockford,RP05,2017-11-26 00:11:01,2017-11-26,00:11:01,TRAFFIC STOP
17-147678, ,11TH ST&9TH AVE,11TH ST&9TH AVE,Rockford,RP05,2017-11-26 00:15:50,2017-11-26,00:15:50,TRAFFIC STOP
17-147679,3988 ,EAGLE DR,3988 EAGLE DR,Rockford,RP01,2017-11-26 00:22:06,2017-11-26,00:22:06,SUICIDAL SUBJECT
17-147680,225 ,N COURT ST,225 N COURT ST,Rockford,RP03,2017-11-26 00:22:59,2017-11-26,00:22:59,SUSPICIOUS PERSON
17-147681,1414 ,BIRCH CT,1414 BIRCH CT,Rockford,RP06,2017-11-26 00:24:05,2017-11-26,00:24:05,LOUD PARTY
17-147683,2400 ,N ROCKTON AVE,2400 N ROCKTON AVE,Rockford,RP01,2017-11-26 00:41:43,2017-11-26,00:41:43,SIMPLE BATTERY
17-147685, ,N COURT ST&FISHER AVE,N COURT ST&FISHER AVE,Rockford,RP02,2017-11-26 00:33:43,2017-11-26,00:33:43,PARKING COMPLAINT
17-147686,610 ,7TH ST,610 7TH ST,Rockford,RP06,2017-11-26 00:38:23,2017-11-26,00:38:23,OTHER DISORDERLY CONDUCT
17-147687, ,FAIRVIEW AVE&E STATE ST,FAIRVIEW AVE&E STATE ST,Rockford,RP08,2017-11-26 00:40:49,2017-11-26,00:40:49,TRAFFIC STOP
17-147688, ,ACORN ST&N ROCKTON AVE,ACORN ST&N ROCKTON AVE,Rockford,RP02,2017-11-26 00:44:54,2017-11-26,00:44:54,FLEEING TO ELUDE POLICE OFFICER
17-147689, ,AUBURN ST&N ROCKTON AVE,AUBURN ST&N ROCKTON AVE,Rockford,RP02,2017-11-26 00:47:23,2017-11-26,00:47:23,TRAFFIC STOP
17-147690,107 ,HUNTER AVE,107 HUNTER AVE,Rockford,RP09,2017-11-26 00:49:56,2017-11-26,00:49:56,LOUD MUSIC
17-147691, ,S MAIN ST&OGILBY RD,S MAIN ST&OGILBY RD,Rockford,RP03,2017-11-26 00:54:31,2017-11-26,00:54:31,CHECK FOR WELL BEING
17-147692,610 ,7TH ST,610 7TH ST,Rockford,RP06,2017-11-26 01:01:59,2017-11-26,01:01:59,SIMPLE BATTERY
17-147694, ,ARNOLD AVE&NEWBURG RD,ARNOLD AVE&NEWBURG RD,Rockford,RP09,2017-11-26 01:22:53,2017-11-26,01:22:53,TRAFFIC STOP
17-147695,5600 ,HARRISON AVE,5600 HARRISON AVE,Rockford,RP09,2017-11-26 01:33:21,2017-11-26,01:33:21,TRAFFIC STOP
17-147696,4578 ,HARRISON AVE,4578 HARRISON AVE,Rockford,RP09,2017-11-26 01:44:38,2017-11-26,01:44:38,OTHER DISORDERLY CONDUCT
17-147698,3415 ,PRECISION DR,3415 PRECISION DR,Rockford,RP07,2017-11-26 01:41:34,2017-11-26,01:41:34,ALARM - BUSINESS
17-147700, ,S BELL SCHOOL RD&E STATE ST,S BELL SCHOOL RD&E STATE ST,Rockford,RP10,2017-11-26 01:43:09,2017-11-26,01:43:09,TRAFFIC STOP
17-147701,1207 ,31ST ST,1207 31ST ST,Rockford,RP09,2017-11-26 01:54:14,2017-11-26,01:54:14,SUSPICIOUS INCIDENT
17-147704,1410 ,BROADWAY,1410 BROADWAY,Rockford,RP06,2017-11-26 02:01:06,2017-11-26,02:01:06,SUSPICIOUS NOISE
17-147705, ,AUBURN ST&SHERIDAN ST,AUBURN ST&SHERIDAN ST,Rockford,RP02,2017-11-26 02:01:08,2017-11-26,02:01:08,TRAFFIC STOP
17-147706,2218 ,15TH AVE,2218 15TH AVE,Rockford,RP05,2017-11-26 02:04:45,2017-11-26,02:04:45,SUSPICIOUS NOISE
17-147707,2800 ,10TH ST,2800 10TH ST,Rockford,RP07,2017-11-26 02:03:28,2017-11-26,02:03:28,SUSPICIOUS NOISE
17-147712, ,11TH ST&SAWYER RD,11TH ST&SAWYER RD,Rockford,RP07,2017-11-26 02:12:38,2017-11-26,02:12:38,ACCIDENT-HIT AND RUN
17-147713, ,AUBURN ST&HARLEM BLVD,AUBURN ST&HARLEM BLVD,Rockford,RP02,2017-11-26 02:11:58,2017-11-26,02:11:58,TRAFFIC STOP
17-147714, ,AUBURN ST&SHERIDAN ST,AUBURN ST&SHERIDAN ST,Rockford,RP02,2017-11-26 02:21:44,2017-11-26,02:21:44,TRAFFIC STOP
17-147715, ,FULTON AVE&WALLACE ST,FULTON AVE&WALLACE ST,Rockford,RP01,2017-11-26 02:25:13,2017-11-26,02:25:13,TRAFFIC STOP
17-147716, ,S 2ND ST&E STATE ST,S 2ND ST&E STATE ST,Rockford,RP05,2017-11-26 02:25:15,2017-11-26,02:25:15,TRAFFIC STOP
17-147717,3805 ,E STATE ST,3805 E STATE ST,Rockford,RP09,2017-11-26 02:35:57,2017-11-26,02:35:57,CHECK FOR WELL BEING
17-147718,1220 ,S 6TH ST,1220 S 6TH ST,Rockford,RP06,2017-11-26 02:39:40,2017-11-26,02:39:40,TRAFFIC ACCIDENT W/NO INJURIES PROPERTY DAMAGE ONLY
17-147719, ,ELLIS AVE&HANCOCK ST,ELLIS AVE&HANCOCK ST,Rockford,RP01,2017-11-26 02:39:11,2017-11-26,02:39:11,TRAFFIC STOP
17-147720,100 ,ROXBURY RD,100 ROXBURY RD,Rockford,RP08,2017-11-26 02:42:03,2017-11-26,02:42:03,TRAFFIC STOP
17-147721,3400 ,MCFARLAND RD,3400 MCFARLAND RD,Rockford,RP10,2017-11-26 02:46:33,2017-11-26,02:46:33,TRAFFIC ACCIDENT W/INJURIES
17-147722, ,AUBURN ST&CUMBERLAND ST,AUBURN ST&CUMBERLAND ST,Rockford,RP02,2017-11-26 02:45:10,2017-11-26,02:45:10,TRAFFIC STOP
17-147724, ,N INDEPENDENCE AVE&MULBERRY ST,N INDEPENDENCE AVE&MULBERRY ST,Rockford,RP04,2017-11-26 03:02:20,2017-11-26,03:02:20,TRAFFIC STOP
17-147725, ,N CENTRAL AVE&FAIRVIEW AVE,N CENTRAL AVE&FAIRVIEW AVE,Rockford,RP04,2017-11-26 03:46:49,2017-11-26,03:46:49,LOUD PARTY
17-147726,1201 ,8TH ST,1201 8TH ST,Rockford,RP06,2017-11-26 05:03:39,2017-11-26,05:03:39,NEIGHBORHOOD TROUBLE
17-147727,4403 ,HARRISON AVE,4403 HARRISON AVE,Rockford,RP09,2017-11-26 03:22:54,2017-11-26,03:22:54,CHECK FOR WELL BEING
17-147728, ,CUSTER AVE&RIDGE AVE,CUSTER AVE&RIDGE AVE,Rockford,RP01,2017-11-26 03:25:55,2017-11-26,03:25:55,ACCIDENT-HIT AND RUN
17-147729,3328 ,DARWOOD DR,3328 DARWOOD DR,Rockford,RP01,2017-11-26 04:08:12,2017-11-26,04:08:12,OTHER DISORDERLY CONDUCT
17-147730,127 ,N DAY AVE,127 N DAY AVE,Rockford,RP04,2017-11-26 04:07:14,2017-11-26,04:07:14,BURGLARY/FORCED ENTRY
17-147731,7130 ,E STATE ST,7130 E STATE ST,Rockford,RP10,2017-11-26 04:25:16,2017-11-26,04:25:16,ALARM - BUSINESS
17-147732,4819 ,CLEVELAND AVE,4819 CLEVELAND AVE,Rockford,RP09,2017-11-26 04:37:35,2017-11-26,04:37:35,ALARM - BUSINESS
17-147733,3701 ,TRILLING AVE,3701 TRILLING AVE,Rockford,RP01,2017-11-26 04:38:45,2017-11-26,04:38:45,CHECK FOR WELL BEING
17-147735,3356 ,SUN VALLEY TER,3356 SUN VALLEY TER,Rockford,RP01,2017-11-26 05:03:15,2017-11-26,05:03:15,CHECK FOR WELL BEING
17-147737,1338 ,HOME PL,1338 HOME PL,Rockford,RP06,2017-11-26 05:09:28,2017-11-26,05:09:28,DEPARTMENT SERVICE/ACTIVITY PRELIMINARY FOLLOW-UP
17-147738,1818 ,SAUBER AVE,1818 SAUBER AVE,Rockford,RP01,2017-11-26 07:16:04,2017-11-26,07:16:04,PARKING COMPLAINT
17-147739,407 ,S CHICAGO AVE,407 S CHICAGO AVE,Rockford,RP05,2017-11-26 06:06:23,2017-11-26,06:06:23,SUSPICIOUS AUTO
17-147740,2207 ,E STATE ST,2207 E STATE ST,Rockford,RP05,2017-11-26 06:11:53,2017-11-26,06:11:53,TRAFFIC-HAZZARD OR OBSTRUCTION
17-147741,502 ,7TH ST,502 7TH ST,Rockford,RP05,2017-11-26 06:22:51,2017-11-26,06:22:51,ALARM - BUSINESS
17-147742,724 ,AUBURN ST,724 AUBURN ST,Rockford,RP02,2017-11-26 07:06:15,2017-11-26,07:06:15,TELEPHONE THREAT
17-147744,2400 ,N ROCKTON AVE,2400 N ROCKTON AVE,Rockford,RP01,2017-11-26 07:31:19,2017-11-26,07:31:19,DEPARTMENT SERVICE/ACTIVITY PRELIMINARY FOLLOW-UP
17-147745,1803 ,KISHWAUKEE ST,1803 KISHWAUKEE ST,Rockford,RP06,2017-11-26 07:39:44,2017-11-26,07:39:44,ALARM - BUSINESS
17-147747,1820 ,ELM ST,1820 ELM ST,Rockford,RP04,2017-11-26 07:48:14,2017-11-26,07:48:14,WARRANT SERVICE
17-147748,4212 ,EASTRIDGE DR,4212 EASTRIDGE DR,Rockford,RP08,2017-11-26 07:58:04,2017-11-26,07:58:04,ACCIDENT-HIT AND RUN
17-147749, ,S MULFORD RD&US HWY 20,S MULFORD RD&US HWY 20,Rockford,WB65,2017-11-26 07:57:55,2017-11-26,07:57:55,TRAFFIC STOP
17-147750,306 ,N CENTRAL AVE,306 N CENTRAL AVE,Rockford,RP04,2017-11-26 08:12:31,2017-11-26,08:12:31,WARRANT SERVICE
17-147751, ,HARRISON AVE&S MULFORD RD,HARRISON AVE&S MULFORD RD,Rockford,RP09,2017-11-26 08:13:14,2017-11-26,08:13:14,TRAFFIC STOP
17-147752,724 ,AUBURN ST,724 AUBURN ST,Rockford,RP02,2017-11-26 08:19:25,2017-11-26,08:19:25,DEPARTMENT SERVICE/ACTIVITY PRELIMINARY FOLLOW-UP
17-147753,2750 ,BLUFFSIDE DR,2750 BLUFFSIDE DR,Rockford,RP07,2017-11-26 08:26:25,2017-11-26,08:26:25,BUILDING CHECK
17-147754,6100 ,E STATE ST,6100 E STATE ST,Rockford,RP10,2017-11-26 08:21:27,2017-11-26,08:21:27,BUILDING CHECK
17-147756,7131 ,E STATE ST,7131 E STATE ST,Rockford,RP10,2017-11-26 08:27:50,2017-11-26,08:27:50,SUSPICIOUS AUTO
17-147757,2500 ,S ALPINE RD,2500 S ALPINE RD,Rockford,RP09,2017-11-26 08:30:45,2017-11-26,08:30:45,SPECIAL FOOT PATROL
17-147758,7219 ,WALTON ST,7219 WALTON ST,Rockford,RP10,2017-11-26 08:31:06,2017-11-26,08:31:06,OTHER PUBLIC COMPLAINT
17-147759, ,AUBURN ST&EVERGREEN ST,AUBURN ST&EVERGREEN ST,Rockford,RP02,2017-11-26 08:35:32,2017-11-26,08:35:32,OTHER DISORDERLY CONDUCT
17-147760,1030 ,E STATE ST,1030 E STATE ST,Rockford,RP05,2017-11-26 08:43:15,2017-11-26,08:43:15,CHECK FOR WELL BEING
17-147761,720 ,OAKLEY AVE,720 OAKLEY AVE,Rockford,RP04,2017-11-26 08:39:08,2017-11-26,08:39:08,WARRANT SERVICE
17-147762, ,11TH ST&US HWY 20,11TH ST&US HWY 20,Rockford,RP07,2017-11-26 08:45:28,2017-11-26,08:45:28,TRAFFIC STOP
17-147763, ,HALSTED RD&N ROCKTON AVE,HALSTED RD&N ROCKTON AVE,Rockford,RP01,2017-11-26 08:47:45,2017-11-26,08:47:45,TRAFFIC STOP
17-147765,123 ,HILTON AVE,123 HILTON AVE,Rockford,RP08,2017-11-26 09:03:02,2017-11-26,09:03:02,CITIZEN REQUESTS STANDBY
17-147766,837 ,N MAIN ST,837 N MAIN ST,Rockford,RP02,2017-11-26 09:16:39,2017-11-26,09:16:39,CHECK FOR WELL BEING
17-147769,1264 ,NORTH CREST DR,1264 NORTH CREST DR,Rockford,RP10,2017-11-26 09:45:01,2017-11-26,09:45:01,CHECK FOR WELL BEING
17-147770,6492 ,GARRETT LN,6492 GARRETT LN,Rockford,RP10,2017-11-26 09:42:11,2017-11-26,09:42:11,ALARM - BUSINESS
17-147771, ,RIDGE AVE&WHITMAN ST,RIDGE AVE&WHITMAN ST,Rockford,RP02,2017-11-26 09:53:44,2017-11-26,09:53:44,TRAFFIC STOP
17-147772,5666 ,E STATE ST,5666 E STATE ST,Rockford,RP08,2017-11-26 09:56:58,2017-11-26,09:56:58,911 HANG UP
17-147775,137 ,S PROSPECT ST,137 S PROSPECT ST,Rockford,RP05,2017-11-26 10:12:05,2017-11-26,10:12:05,PARKING COMPLAINT
17-147778, ,11TH ST&BROADWAY,11TH ST&BROADWAY,Rockford,RP06,2017-11-26 10:11:41,2017-11-26,10:11:41,TRAFFIC ACCIDENT W/NO INJURIES PROPERTY DAMAGE ONLY
17-147781,2711 ,CANTERBURY LN,2711 CANTERBURY LN,Rockford,RP01,2017-11-26 10:16:30,2017-11-26,10:16:30,OTHER DISORDERLY CONDUCT
17-147782,4836 ,CREEKVIEW RD,4836 CREEKVIEW RD,Rockford,RP09,2017-11-26 10:20:13,2017-11-26,10:20:13,SUSPICIOUS PERSON
17-147783,2819 ,ECHO ST,2819 ECHO ST,Rockford,RP07,2017-11-26 10:43:18,2017-11-26,10:43:18,DEPARTMENT SERVICE/ACTIVITY PRELIMINARY FOLLOW-UP
17-147785, ,S CENTRAL AVE&ELM ST,S CENTRAL AVE&ELM ST,Rockford,RP03,2017-11-26 10:31:12,2017-11-26,10:31:12,TRAFFIC STOP
17-147786,306 ,CAMERON AVE,306 CAMERON AVE,Rockford,RP04,2017-11-26 10:39:45,2017-11-26,10:39:45,CHECK FOR WELL BEING
17-147788,3238 ,9TH ST,3238 9TH ST,Rockford,RP07,2017-11-26 10:52:40,2017-11-26,10:52:40,INVESTIGATION NON-SPECIFIC
17-147789,3200 ,11TH ST,3200 11TH ST,Rockford,RP07,2017-11-26 11:03:53,2017-11-26,11:03:53,TRAFFIC STOP
17-147790,3300 ,HANOVER DR,3300 HANOVER DR,Rockford,RP01,2017-11-26 11:04:25,2017-11-26,11:04:25,Walk-in Report
17-147791, ,N ALPINE RD&SPRING CREEK RD,N ALPINE RD&SPRING CREEK RD,Rockford,RP08,2017-11-26 11:06:02,2017-11-26,11:06:02,TRAFFIC-MOTORIST ASSIST
17-147792, ,BRENDENWOOD RD&CHELSEA AVE,BRENDENWOOD RD&CHELSEA AVE,Rockford,RP08,2017-11-26 11:08:13,2017-11-26,11:08:13,TRAFFIC ACCIDENT W/INJURIES
17-147794,1814 ,HANCOCK ST,1814 HANCOCK ST,Rockford,RP01,2017-11-26 11:24:54,2017-11-26,11:24:54,CITIZEN REQUESTS STANDBY
17-147795,3539 ,ROBEY AVE,3539 ROBEY AVE,Rockford,RP01,2017-11-26 11:23:37,2017-11-26,11:23:37,CELLULAR 911 HANGUP
17-147796, ,10TH ST&4TH AVE,10TH ST&4TH AVE,Rockford,RP05,2017-11-26 11:16:34,2017-11-26,11:16:34,INVESTIGATION NON-SPECIFIC
17-147798,724 ,AUBURN ST,724 AUBURN ST,Rockford,RP02,2017-11-26 11:21:41,2017-11-26,11:21:41,INVESTIGATION NON-SPECIFIC
17-147799, ,FAIRVIEW AVE&E STATE ST,FAIRVIEW AVE&E STATE ST,Rockford,RP08,2017-11-26 11:26:28,2017-11-26,11:26:28,TRAFFIC ACCIDENT W/NO INJURIES PROPERTY DAMAGE ONLY
17-147801,1524 ,16TH AVE,1524 16TH AVE,Rockford,RP06,2017-11-26 11:27:49,2017-11-26,11:27:49,Walk-in Report
17-147803,1209 ,CROSBY ST,1209 CROSBY ST,Rockford,RP05,2017-11-26 11:33:01,2017-11-26,11:33:01,911 OPEN LINE/UNKNOWN
17-147806,3321 ,N MAIN ST,3321 N MAIN ST,Rockford,RP01,2017-11-26 11:52:50,2017-11-26,11:52:50,BURGLARY TO VEHICLE-OVER $300
17-147811,319 ,ALLIANCE AVE,319 ALLIANCE AVE,Rockford,RP04,2017-11-26 12:24:50,2017-11-26,12:24:50,BUILDING CHECK
17-147812, ,11TH ST&US HWY 20,11TH ST&US HWY 20,Rockford,RP07,2017-11-26 12:12:38,2017-11-26,12:12:38,TRAFFIC STOP
17-147813,3204 ,SEWARD AVE,3204 SEWARD AVE,Rockford,RP09,2017-11-26 12:15:58,2017-11-26,12:15:58,BURGLARY/UNLAWFUL ENTRY (NO FORCE)
17-147814,600 ,FISHER AVE,600 FISHER AVE,Rockford,RP02,2017-11-26 12:13:31,2017-11-26,12:13:31,TRAFFIC STOP
17-147815, ,N 6TH ST&E JEFFERSON ST,N 6TH ST&E JEFFERSON ST,Rockford,RP05,2017-11-26 12:49:56,2017-11-26,12:49:56,OTHER PUBLIC COMPLAINT
17-147818, ,20TH ST&SANDY HOLLOW RD,20TH ST&SANDY HOLLOW RD,Rockford,RP07,2017-11-26 12:37:34,2017-11-26,12:37:34,TRAFFIC ACCIDENT W/NO INJURIES PROPERTY DAMAGE ONLY
17-147819,418 ,GREGORY ST,418 GREGORY ST,Rockford,RP06,2017-11-26 12:52:15,2017-11-26,12:52:15,WARRANT SERVICE
17-147820,1000 ,CHAMBERLAIN ST,1000 CHAMBERLAIN ST,Rockford,RP05,2017-11-26 12:44:24,2017-11-26,12:44:24,WALK THROUGHS
17-147821, ,N AVON ST&FAIRVIEW AVE,N AVON ST&FAIRVIEW AVE,Rockford,RP04,2017-11-26 12:47:16,2017-11-26,12:47:16,TRAFFIC STOP
17-147822,7219 ,WALTON ST,7219 WALTON ST,Rockford,RP10,2017-11-26 12:49:24,2017-11-26,12:49:24,OTHER PUBLIC COMPLAINT
17-147824,7219 ,WALTON ST,7219 WALTON ST,Rockford,RP10,2017-11-26 12:54:14,2017-11-26,12:54:14,WALK THROUGHS
17-147825,4007 ,E STATE ST,4007 E STATE ST,Rockford,RP09,2017-11-26 13:18:04,2017-11-26,13:18:04,THEFT OF LABOR AND SERVICES
17-147829, ,E JEFFERSON ST&E STATE ST,E JEFFERSON ST&E STATE ST,Rockford,RP05,2017-11-26 13:04:31,2017-11-26,13:04:31,RECKLESS DRIVING
17-147830,3000 ,11TH ST,3000 11TH ST,Rockford,RP07,2017-11-26 13:05:47,2017-11-26,13:05:47,TRAFFIC STOP
17-147831,2400 ,N ROCKTON AVE,2400 N ROCKTON AVE,Rockford,RP01,2017-11-26 13:10:53,2017-11-26,13:10:53,DEPARTMENT SERVICE/ACTIVITY PRELIMINARY FOLLOW-UP
17-147832,1446 ,MULBERRY ST,1446 MULBERRY ST,Rockford,RP02,2017-11-26 13:09:37,2017-11-26,13:09:37,WARRANT SERVICE
17-147835,5909 ,E STATE ST,5909 E STATE ST,Rockford,RP09,2017-11-26 13:14:43,2017-11-26,13:14:43,WALK THROUGHS
17-147836,1160 ,N MULFORD RD,1160 N MULFORD RD,Rockford,RP08,2017-11-26 13:29:23,2017-11-26,13:29:23,911 HANG UP
17-147837, ,E JEFFERSON ST&E STATE ST,E JEFFERSON ST&E STATE ST,Rockford,RP05,2017-11-26 13:30:17,2017-11-26,13:30:17,RECKLESS DRIVING
17-147840,3200 ,11TH ST,3200 11TH ST,Rockford,RP07,2017-11-26 13:36:33,2017-11-26,13:36:33,TRAFFIC STOP
17-147842,724 ,AUBURN ST,724 AUBURN ST,Rockford,RP02,2017-11-26 13:37:38,2017-11-26,13:37:38,SPECIAL FOOT PATROL
17-147846,4200 ,AUBURN ST,4200 AUBURN ST,Rockford,RP04,2017-11-26 13:43:54,2017-11-26,13:43:54,TRAFFIC STOP
17-147852,830 ,HOVEY AVE,830 HOVEY AVE,Rockford,RP02,2017-11-26 13:57:54,2017-11-26,13:57:54,LANDLORD/TENANT DISPUTE
17-147855,501 ,N SPRINGFIELD AVE,501 N SPRINGFIELD AVE,Rockford,RP04,2017-11-26 14:02:08,2017-11-26,14:02:08,OTHER PUBLIC COMPLAINT
17-147861, ,COLORADO AVE&HARRISON AVE,COLORADO AVE&HARRISON AVE,Rockford,RP09,2017-11-26 14:14:32,2017-11-26,14:14:32,TRAFFIC STOP
17-147862,1032 ,E STATE ST,1032 E STATE ST,Rockford,RP05,2017-11-26 14:18:12,2017-11-26,14:18:12,INVESTIGATION NON-SPECIFIC
17-147863,500 ,SCORE ST,500 SCORE ST,Rockford,RP07,2017-11-26 14:19:01,2017-11-26,14:19:01,PARKING COMPLAINT
17-147865,700 ,S ALPINE RD,700 S ALPINE RD,Rockford,RP09,2017-11-26 14:22:10,2017-11-26,14:22:10,TRAFFIC STOP
17-147867,2670 ,SANDY HOLLOW RD,2670 SANDY HOLLOW RD,Rockford,PD01,2017-11-26 14:27:12,2017-11-26,14:27:12,SERVICE TO OTHER AGENCY-NON-SPECIFIC
17-147868, ,AUBURN ST&LATHAM ST,AUBURN ST&LATHAM ST,Rockford,RP02,2017-11-26 14:30:57,2017-11-26,14:30:57,TRAFFIC STOP
17-147869,1330 ,6TH AVE,1330 6TH AVE,Rockford,RP06,2017-11-26 14:32:44,2017-11-26,14:32:44,OTHER DISORDERLY CONDUCT
17-147870,7712 ,POTAWATOMI TRL,7712 POTAWATOMI TRL,Rockford,RP10,2017-11-26 14:36:10,2017-11-26,14:36:10,OTHER DISORDERLY CONDUCT
17-147871,2228 ,11TH AVE,2228 11TH AVE,Rockford,RP05,2017-11-26 14:37:15,2017-11-26,14:37:15,THEFT VEHICLE:AUTOS
17-147874,210 ,ROYAL AVE,210 ROYAL AVE,Rockford,RP04,2017-11-26 14:46:29,2017-11-26,14:46:29,911 OPEN LINE/UNKNOWN
17-147875,1045 ,W STATE ST,1045 W STATE ST,Rockford,RP03,2017-11-26 14:49:42,2017-11-26,14:49:42,INVESTIGATION NON-SPECIFIC
17-147878,2321 ,DOUGLAS ST,2321 DOUGLAS ST,Rockford,RP01,2017-11-26 14:54:44,2017-11-26,14:54:44,BURGLARY/FORCED ENTRY
17-147879,6305 ,E STATE ST,6305 E STATE ST,Rockford,RP10,2017-11-26 14:56:17,2017-11-26,14:56:17,911 HANG UP
17-147882,5410 ,MIDVALE DR,5410 MIDVALE DR,Rockford,RP09,2017-11-26 14:58:36,2017-11-26,14:58:36,WALK THROUGHS
17-147883,1131 ,STERLING DR,1131 STERLING DR,Rockford,RP08,2017-11-26 15:03:38,2017-11-26,15:03:38,ALARM - BUSINESS
17-147884,3800 ,E STATE ST,3800 E STATE ST,Rockford,RP08,2017-11-26 15:16:27,2017-11-26,15:16:27,911 HANG UP
17-147885,1909 ,11TH ST,1909 11TH ST,Rockford,RP06,2017-11-26 15:07:00,2017-11-26,15:07:00,SERVICE TO OTHER AGENCY-NON-SPECIFIC
17-147887,653 ,CLARK DR,653 CLARK DR,Rockford,RP10,2017-11-26 15:23:02,2017-11-26,15:23:02,911 HANG UP
17-147891, ,S PERRYVILLE RD&E STATE ST,S PERRYVILLE RD&E STATE ST,Rockford,RP10,2017-11-26 15:34:25,2017-11-26,15:34:25,CHECK FOR WELL BEING
17-147892,844 ,HALSTED RD,844 HALSTED RD,Rockford,RP01,2017-11-26 15:32:01,2017-11-26,15:32:01,SUSPICIOUS PERSON
17-147893,414 ,N HENRIETTA AVE,414 N HENRIETTA AVE,Rockford,RP04,2017-11-26 15:37:27,2017-11-26,15:37:27,ANIMAL COMPLAINTS -
17-147894,1019 ,17TH ST,1019 17TH ST,Rockford,RP05,2017-11-26 15:38:31,2017-11-26,15:38:31,ABANDONED VEHICLE
17-147897,5051 ,E STATE ST 0,5051 E STATE ST 0,Rockford,RP09,2017-11-26 15:40:08,2017-11-26,15:40:08,TRAFFIC ACCIDENT W/INJURIES
17-147898,3274 ,ANDOVER DR,3274 ANDOVER DR,Rockford,RP08,2017-11-26 16:22:30,2017-11-26,16:22:30,THEFT:UNDER $300
17-147899,3804 ,HUFFMAN BLVD,3804 HUFFMAN BLVD,Rockford,RP01,2017-11-26 16:48:57,2017-11-26,16:48:57,THEFT OVER $300
17-147901,1975 ,W RIVERSIDE BLVD,1975 W RIVERSIDE BLVD,Rockford,RP01,2017-11-26 16:27:38,2017-11-26,16:27:38,911 HANG UP
17-147902, ,11TH ST&AIRPORT DR,11TH ST&AIRPORT DR,Rockford,RP07,2017-11-26 15:46:50,2017-11-26,15:46:50,TRAFFIC STOP
17-147903,5051 ,E STATE ST 0,5051 E STATE ST 0,Rockford,RP09,2017-11-26 15:52:17,2017-11-26,15:52:17,ACCIDENT-HIT AND RUN
17-147904,203 ,LEXINGTON AVE,203 LEXINGTON AVE,Rockford,RP04,2017-11-26 16:29:14,2017-11-26,16:29:14,CHECK FOR WELL BEING
17-147908,2207 ,HANCOCK ST,2207 HANCOCK ST,Rockford,RP01,2017-11-26 16:49:38,2017-11-26,16:49:38,PARKING COMPLAINT
17-147909,2406 ,AUBURN ST,2406 AUBURN ST,Rockford,RP02,2017-11-26 16:26:43,2017-11-26,16:26:43,OTHER DISORDERLY CONDUCT
17-147911,326 ,BROOKE RD,326 BROOKE RD,Rockford,RP07,2017-11-26 16:29:20,2017-11-26,16:29:20,SUSPICIOUS NOISE
17-147913, ,N 6TH ST&E JEFFERSON ST,N 6TH ST&E JEFFERSON ST,Rockford,RP05,2017-11-26 16:23:26,2017-11-26,16:23:26,SUSPICIOUS PERSON
17-147914,6495 ,WEAVER RD,6495 WEAVER RD,Rockford,RP10,2017-11-26 16:43:09,2017-11-26,16:43:09,911 HANG UP
17-147917, ,N 6TH ST&E JEFFERSON ST,N 6TH ST&E JEFFERSON ST,Rockford,RP05,2017-11-26 16:51:53,2017-11-26,16:51:53,SUSPICIOUS PERSON
17-147919,2642 ,CHARLES ST,2642 CHARLES ST,Rockford,RP09,2017-11-26 16:56:04,2017-11-26,16:56:04,CHECK FOR WELL BEING
17-147920,4145 ,SAMUELSON RD,4145 SAMUELSON RD,Rockford,RP07,2017-11-26 16:55:23,2017-11-26,16:55:23,ALARM - BUSINESS
17-147922,3920 ,TOFT ST,3920 TOFT ST,Rockford,RP08,2017-11-26 17:06:12,2017-11-26,17:06:12,ALARM - BUSINESS
17-147925,4884 ,FLINTRIDGE CT,4884 FLINTRIDGE CT,Rockford,RP08,2017-11-26 17:07:41,2017-11-26,17:07:41,SUSPICIOUS AUTO
17-147928,2406 ,AUBURN ST,2406 AUBURN ST,Rockford,RP02,2017-11-26 17:17:11,2017-11-26,17:17:11,CHECK FOR WELL BEING
17-147929,505 ,N MAIN ST,505 N MAIN ST,Rockford,RP02,2017-11-26 17:13:43,2017-11-26,17:13:43,SPECIAL FOOT PATROL
17-147930,2220 ,9TH ST,2220 9TH ST,Rockford,RP06,2017-11-26 17:24:30,2017-11-26,17:24:30,CHECK FOR WELL BEING
17-147931,1915 ,S 4TH ST,1915 S 4TH ST,Rockford,RP06,2017-11-26 17:26:20,2017-11-26,17:26:20,CITIZEN REQUESTS STANDBY
17-147934,624 ,N HORSMAN ST,624 N HORSMAN ST,Rockford,RP02,2017-11-26 18:01:13,2017-11-26,18:01:13,DEPARTMENT SERVICE/ACTIVITY DRUG ACTIVITY
17-147937,3111 ,CHATEAU LN,3111 CHATEAU LN,Rockford,RP01,2017-11-26 17:47:51,2017-11-26,17:47:51,ALARM - BUSINESS
17-147944, ,S BELL SCHOOL RD&E STATE ST,S BELL SCHOOL RD&E STATE ST,Rockford,RP10,2017-11-26 19:12:30,2017-11-26,19:12:30,ACCIDENT-HIT AND RUN
17-147948,1514 ,N HORSMAN ST,1514 N HORSMAN ST,Rockford,RP01,2017-11-26 18:10:56,2017-11-26,18:10:56,DEPARTMENT SERVICE/ACTIVITY PRELIMINARY FOLLOW-UP
17-147950,1441 ,KISHWAUKEE ST,1441 KISHWAUKEE ST,Rockford,RP06,2017-11-26 18:31:48,2017-11-26,18:31:48,THEFT VEHICLE:AUTOS
17-147953,2223 ,KILBURN AVE,2223 KILBURN AVE,Rockford,RP01,2017-11-26 18:30:12,2017-11-26,18:30:12,WARRANT SERVICE
17-147954,901 ,ASHLAND AVE,901 ASHLAND AVE,Rockford,RP02,2017-11-26 18:36:11,2017-11-26,18:36:11,WARRANT SERVICE
17-147955,431 ,HAWTHORNE AVE,431 HAWTHORNE AVE,Rockford,RP09,2017-11-26 21:13:15,2017-11-26,21:13:15,CRIMINAL DAMAGE TO PROPERTY 
17-147958,1201 ,8TH ST,1201 8TH ST,Rockford,RP06,2017-11-26 19:28:45,2017-11-26,19:28:45,LOUD MUSIC
17-147959,2014 ,N COURT ST,2014 N COURT ST,Rockford,RP01,2017-11-26 18:59:15,2017-11-26,18:59:15,SUSPICIOUS AUTO
17-147960,3214 ,S ALPINE RD,3214 S ALPINE RD,Rockford,RP07,2017-11-26 19:00:10,2017-11-26,19:00:10,ALARM - BUSINESS
17-147963, ,BUCKLEY DR&E STATE ST,BUCKLEY DR&E STATE ST,Rockford,RP10,2017-11-26 19:17:19,2017-11-26,19:17:19,TRAFFIC ACCIDENT W/NO INJURIES PROPERTY DAMAGE ONLY
17-147968,501 ,W STATE ST,501 W STATE ST,Rockford,RP03,2017-11-26 19:14:37,2017-11-26,19:14:37,SUSPICIOUS PERSON
17-147970, ,N AVON ST&W STATE ST,N AVON ST&W STATE ST,Rockford,RP03,2017-11-26 19:29:37,2017-11-26,19:29:37,TRAFFIC STOP
17-147971, ,N HORSMAN ST&WHITMAN ST,N HORSMAN ST&WHITMAN ST,Rockford,RP02,2017-11-26 19:30:07,2017-11-26,19:30:07,TRAFFIC STOP
17-147977,5512 ,WOODBINE DR,5512 WOODBINE DR,Rockford,RP09,2017-11-26 19:41:45,2017-11-26,19:41:45,CELLULAR 911 HANGUP
17-147978,409 ,S DAY AVE,409 S DAY AVE,Rockford,RP04,2017-11-26 19:38:02,2017-11-26,19:38:02,ALARM - BUSINESS
17-147979,2501 ,HUFFMAN BLVD,2501 HUFFMAN BLVD,Rockford,RP01,2017-11-26 19:38:34,2017-11-26,19:38:34,TRAFFIC STOP
17-147980,1012 ,17TH ST,1012 17TH ST,Rockford,RP05,2017-11-26 19:46:37,2017-11-26,19:46:37,WEAPONS VIOLATION
17-147986, ,KILBURN AVE&KNIGHT AVE,KILBURN AVE&KNIGHT AVE,Rockford,RP04,2017-11-26 19:48:12,2017-11-26,19:48:12,TRAFFIC STOP
17-147989,1102 ,16TH ST,1102 16TH ST,Rockford,RP05,2017-11-26 19:56:21,2017-11-26,19:56:21,SUSPICIOUS INCIDENT
17-147990,1201 ,8TH ST,1201 8TH ST,Rockford,RP06,2017-11-26 21:41:40,2017-11-26,21:41:40,NEIGHBORHOOD TROUBLE
17-147993, ,N AVON ST&W STATE ST,N AVON ST&W STATE ST,Rockford,RP03,2017-11-26 19:52:11,2017-11-26,19:52:11,TRAFFIC STOP
17-147996,319 ,WOOD RD,319 WOOD RD,Rockford,RP08,2017-11-26 20:11:17,2017-11-26,20:11:17,CITIZEN REQUESTS STANDBY
17-148000,4555 ,TREVOR CIR,4555 TREVOR CIR,Rockford,RP07,2017-11-26 21:36:37,2017-11-26,21:36:37,TELEPHONE THREAT
17-148002, ,AUBURN ST&KILBURN AVE,AUBURN ST&KILBURN AVE,Rockford,RP04,2017-11-26 20:11:17,2017-11-26,20:11:17,TRAFFIC STOP
17-148004, ,AUBURN ST&KILBURN AVE,AUBURN ST&KILBURN AVE,Rockford,RP04,2017-11-26 20:16:34,2017-11-26,20:16:34,SUSPICIOUS PERSON
17-148005, ,12TH AVE&27TH ST,12TH AVE&27TH ST,Rockford,RP09,2017-11-26 20:17:43,2017-11-26,20:17:43,TRAFFIC-HAZZARD OR OBSTRUCTION
17-148006,1600 ,BROADWAY,1600 BROADWAY,Rockford,RP06,2017-11-26 20:25:55,2017-11-26,20:25:55,SUSPICIOUS AUTO
17-148007,511 ,FAIRVIEW AVE,511 FAIRVIEW AVE,Rockford,RP09,2017-11-26 20:35:00,2017-11-26,20:35:00,MEDICAL ASSIST
17-148009, ,PRESTON ST&TAY ST,PRESTON ST&TAY ST,Rockford,RP03,2017-11-26 20:38:28,2017-11-26,20:38:28,TRAFFIC STOP
17-148010,203 ,LEXINGTON AVE,203 LEXINGTON AVE,Rockford,RP04,2017-11-26 20:38:53,2017-11-26,20:38:53,DEPARTMENT SERVICE/ACTIVITY PRELIMINARY FOLLOW-UP
17-148011,300 ,UNDERWOOD ST,300 UNDERWOOD ST,Rockford,RP02,2017-11-26 20:40:34,2017-11-26,20:40:34,TRAFFIC STOP
17-148013,2947 ,HUBBARD TRL,2947 HUBBARD TRL,Rockford,RP10,2017-11-26 21:44:29,2017-11-26,21:44:29,SUSPICIOUS PERSON
17-148014,300 ,UNDERWOOD ST,300 UNDERWOOD ST,Rockford,RP02,2017-11-26 20:53:00,2017-11-26,20:53:00,DEPARTMENT SERVICE/ACTIVITY PRELIMINARY FOLLOW-UP
17-148015, ,7TH ST&RAILROAD AVE,7TH ST&RAILROAD AVE,Rockford,RP06,2017-11-26 20:58:59,2017-11-26,20:58:59,STRONG ARM ROBBERY W/NO WEAPON
17-148018,2014 ,13TH AVE,2014 13TH AVE,Rockford,RP05,2017-11-26 21:35:00,2017-11-26,21:35:00,SUSPICIOUS AUTO
17-148020, ,BURTON ST&GORDON AVE,BURTON ST&GORDON AVE,Rockford,RP01,2017-11-26 21:19:51,2017-11-26,21:19:51,WEAPONS VIOLATION
17-148024, ,CAMLIN AVE&CUMBERLAND ST,CAMLIN AVE&CUMBERLAND ST,Rockford,RP01,2017-11-26 21:27:42,2017-11-26,21:27:42,WEAPONS VIOLATION
17-148026,1509 ,18TH ST,1509 18TH ST,Rockford,RP05,2017-11-26 21:28:11,2017-11-26,21:28:11,CELLULAR 911 HANGUP
17-148027, ,S AVON ST&CEDAR ST,S AVON ST&CEDAR ST,Rockford,RP03,2017-11-26 21:30:57,2017-11-26,21:30:57,WEAPONS VIOLATION
17-148032, ,PRESTON ST&STEWART AVE,PRESTON ST&STEWART AVE,Rockford,RP04,2017-11-26 21:40:22,2017-11-26,21:40:22,SUSPICIOUS AUTO
17-148034,2903 ,CUSTER AVE,2903 CUSTER AVE,Rockford,RP01,2017-11-26 21:50:26,2017-11-26,21:50:26,OTHER DISORDERLY CONDUCT
17-148035,2216 ,LOGAN ST,2216 LOGAN ST,Rockford,RP01,2017-11-26 22:09:53,2017-11-26,22:09:53,CITIZEN REQUESTS STANDBY
17-148036,1616 ,ANDREWS ST,1616 ANDREWS ST,Rockford,RP02,2017-11-26 21:47:07,2017-11-26,21:47:07,IN PROGRESS PERSON (SHOOTING, STABBING, ARMED ROBBERY, ETC.)
17-148037,1045 ,W STATE ST,1045 W STATE ST,Rockford,RP03,2017-11-26 21:53:17,2017-11-26,21:53:17,VEHICLE MAINTENANCE
17-148038,3849 ,NORTHRIDGE DR,3849 NORTHRIDGE DR,Rockford,RP08,2017-11-26 22:01:18,2017-11-26,22:01:18,THEFT OVER $300
17-148039,1410 ,GARDEN CT,1410 GARDEN CT,Rockford,RP06,2017-11-26 22:02:53,2017-11-26,22:02:53,CELLULAR 911 HANGUP
17-148040, ,HALL ST&E STATE ST,HALL ST&E STATE ST,Rockford,RP05,2017-11-26 22:03:48,2017-11-26,22:03:48,INVESTIGATION NON-SPECIFIC
17-148041,1200 ,NELSON BLVD,1200 NELSON BLVD,Rockford,RP06,2017-11-26 22:07:03,2017-11-26,22:07:03,TRAFFIC STOP
17-148042,900 ,KISHWAUKEE ST,900 KISHWAUKEE ST,Rockford,RP06,2017-11-26 22:19:45,2017-11-26,22:19:45,TRAFFIC-MOTORIST ASSIST
17-148044,7555 ,WALTON ST,7555 WALTON ST,Rockford,RP10,2017-11-26 22:28:33,2017-11-26,22:28:33,SUSPICIOUS INCIDENT
17-148045, ,BUCKBEE ST&KISHWAUKEE ST,BUCKBEE ST&KISHWAUKEE ST,Rockford,RP06,2017-11-26 22:31:52,2017-11-26,22:31:52,TRAFFIC STOP
17-148046,424 ,KENT ST,424 KENT ST,Rockford,RP03,2017-11-26 22:34:08,2017-11-26,22:34:08,OTHER PUBLIC COMPLAINT
17-148047,3600 ,E STATE ST,3600 E STATE ST,Rockford,RP08,2017-11-26 22:35:22,2017-11-26,22:35:22,TRAFFIC STOP
17-148048,1003 ,FURMAN ST,1003 FURMAN ST,Rockford,RP04,2017-11-26 22:38:39,2017-11-26,22:38:39,OTHER DISORDERLY CONDUCT
17-148049, ,11TH ST&17TH AVE,11TH ST&17TH AVE,Rockford,RP06,2017-11-26 22:42:17,2017-11-26,22:42:17,TRAFFIC STOP
17-148050,1403 ,20TH AVE,1403 20TH AVE,Rockford,RP06,2017-11-26 22:43:52,2017-11-26,22:43:52,CHECK FOR WELL BEING
17-148051,1200 ,E STATE ST,1200 E STATE ST,Rockford,RP05,2017-11-26 22:49:58,2017-11-26,22:49:58,TRAFFIC STOP
17-148052, ,23RD ST&WESLEYAN AVE,23RD ST&WESLEYAN AVE,Rockford,RP09,2017-11-26 22:50:31,2017-11-26,22:50:31,TRAFFIC STOP
17-148053, ,E STATE ST&SUMMIT ST,E STATE ST&SUMMIT ST,Rockford,RP05,2017-11-26 22:51:32,2017-11-26,22:51:32,TRAFFIC STOP
17-148055, ,EASTMORELAND AVE&FLORIDA DR,EASTMORELAND AVE&FLORIDA DR,Rockford,RP09,2017-11-26 23:07:34,2017-11-26,23:07:34,SUSPICIOUS PERSON
17-148056,1904 ,SAUBER AVE,1904 SAUBER AVE,Rockford,RP01,2017-11-26 23:52:08,2017-11-26,23:52:08,SUSPICIOUS AUTO
17-148057, ,9TH ST&E STATE ST,9TH ST&E STATE ST,Rockford,RP05,2017-11-26 23:14:07,2017-11-26,23:14:07,TRAFFIC STOP
17-148058, ,AUBURN ST&N ROCKTON AVE,AUBURN ST&N ROCKTON AVE,Rockford,RP02,2017-11-26 23:17:49,2017-11-26,23:17:49,TRAFFIC STOP
17-148059,1204 ,MILFORD AVE,1204 MILFORD AVE,Rockford,RP07,2017-11-26 23:21:19,2017-11-26,23:21:19,ALARM - BUSINESS
17-148060,3701 ,TRILLING AVE,3701 TRILLING AVE,Rockford,RP01,2017-11-26 23:25:28,2017-11-26,23:25:28,WARRANT SERVICE
17-148061, ,N AVON ST&SCHOOL ST,N AVON ST&SCHOOL ST,Rockford,RP02,2017-11-26 23:28:06,2017-11-26,23:28:06,TRAFFIC STOP
17-148063,557 ,S NEW TOWNE DR,557 S NEW TOWNE DR,Rockford,RP09,2017-11-26 23:31:05,2017-11-26,23:31:05,ASSIGN ERRAND DELIVERY
17-148065, ,N HORSMAN ST&WHITMAN ST,N HORSMAN ST&WHITMAN ST,Rockford,RP02,2017-11-26 23:33:48,2017-11-26,23:33:48,TRAFFIC STOP
17-148066,2000 ,E STATE ST,2000 E STATE ST,Rockford,RP05,2017-11-26 23:35:28,2017-11-26,23:35:28,TRAFFIC STOP
17-148067, ,9TH ST&E STATE ST,9TH ST&E STATE ST,Rockford,RP05,2017-11-26 23:35:50,2017-11-26,23:35:50,TRAFFIC STOP
17-148070,1026 ,MCKNIGHT CIR,1026 MCKNIGHT CIR,Rockford,RP10,2017-11-26 23:43:00,2017-11-26,23:43:00,CHECK FOR WELL BEING
17-148072,4315 ,AUBURN ST,4315 AUBURN ST,Rockford,RP04,2017-11-26 23:57:32,2017-11-26,23:57:32,OTHER DISORDERLY CONDUCT
17-148073, ,9TH ST&E STATE ST,9TH ST&E STATE ST,Rockford,RP05,2017-11-26 23:54:53,2017-11-26,23:54:53,TRAFFIC STOP
17-148074,805 ,N COURT ST,805 N COURT ST,Rockford,RP02,2017-11-27 00:09:20,2017-11-27,00:09:20,CELLULAR 911 HANGUP
17-148075,1804 ,11TH ST,1804 11TH ST,Rockford,RP06,2017-11-27 00:09:05,2017-11-27,00:09:05,ALARM - BUSINESS
17-148076,2323 ,CHARLES ST,2323 CHARLES ST,Rockford,RP05,2017-11-27 00:14:17,2017-11-27,00:14:17,INVESTIGATION NON-SPECIFIC
17-148077,1616 ,ANDREWS ST,1616 ANDREWS ST,Rockford,RP02,2017-11-27 00:17:28,2017-11-27,00:17:28,CRIMINAL DAMAGE TO VEHICLE
17-148078,1344 ,E STATE ST,1344 E STATE ST,Rockford,RP05,2017-11-27 00:50:08,2017-11-27,00:50:08,TRAFFIC STOP
17-148079, ,HILTON AVE&E STATE ST,HILTON AVE&E STATE ST,Rockford,RP08,2017-11-27 00:55:15,2017-11-27,00:55:15,SERVICE TO OTHER AGENCY-NON-SPECIFIC
17-148080, ,6TH AVE&9TH ST,6TH AVE&9TH ST,Rockford,RP06,2017-11-27 01:02:27,2017-11-27,01:02:27,TRAFFIC STOP
17-148081,653 ,RANGER,653 RANGER,Rockford,RP07,2017-11-27 01:05:30,2017-11-27,01:05:30,WALK THROUGHS
17-148082,928 ,E STATE ST,928 E STATE ST,Rockford,RP05,2017-11-27 01:06:15,2017-11-27,01:06:15,SUSPICIOUS NOISE
17-148083, ,N 9TH ST&REVELL AVE,N 9TH ST&REVELL AVE,Rockford,RP05,2017-11-27 01:13:01,2017-11-27,01:13:01,TRAFFIC STOP
17-148084, ,S JOHNSTON AVE&LOOMIS ST,S JOHNSTON AVE&LOOMIS ST,Rockford,RP03,2017-11-27 01:22:07,2017-11-27,01:22:07,ASSIST (BACKUP)
17-148085, ,W JEFFERSON ST&N WINNEBAGO ST,W JEFFERSON ST&N WINNEBAGO ST,Rockford,RP03,2017-11-27 01:21:11,2017-11-27,01:21:11,SERVICE TO OTHER AGENCY-NON-SPECIFIC
17-148086,829 ,BUCKBEE ST,829 BUCKBEE ST,Rockford,RP06,2017-11-27 01:25:15,2017-11-27,01:25:15,911 HANG UP
17-148088,1045 ,W STATE ST,1045 W STATE ST,Rockford,RP03,2017-11-27 01:37:41,2017-11-27,01:37:41,WEAPONS VIOLATION
17-148089,525 ,ABILENE TRL,525 ABILENE TRL,Rockford,RP04,2017-11-27 01:38:34,2017-11-27,01:38:34,WEAPONS VIOLATION
17-148091, ,S ALPINE RD&HARRISON AVE,S ALPINE RD&HARRISON AVE,Rockford,RP09,2017-11-27 01:53:35,2017-11-27,01:53:35,TRAFFIC STOP
17-148092,1455 ,MYOTT AVE,1455 MYOTT AVE,Rockford,RP02,2017-11-27 02:04:33,2017-11-27,02:04:33,PARKING COMPLAINT
17-148093,1410 ,BROADWAY,1410 BROADWAY,Rockford,RP06,2017-11-27 02:07:06,2017-11-27,02:07:06,ASSIGN ERRAND DELIVERY
17-148094, ,N ALPINE RD&TURNER ST,N ALPINE RD&TURNER ST,Rockford,RP08,2017-11-27 02:14:54,2017-11-27,02:14:54,SERVICE TO OTHER AGENCY-NON-SPECIFIC
17-148095, ,12TH AVE&7TH ST,12TH AVE&7TH ST,Rockford,RP06,2017-11-27 02:23:51,2017-11-27,02:23:51,OTHER DISORDERLY CONDUCT
17-148096, ,10TH ST&CHARLES ST,10TH ST&CHARLES ST,Rockford,RP05,2017-11-27 02:48:09,2017-11-27,02:48:09,TRAFFIC STOP
17-148097,321 ,N ALPINE RD,321 N ALPINE RD,Rockford,RP08,2017-11-27 03:08:08,2017-11-27,03:08:08,911 OPEN LINE/UNKNOWN
17-148099,633 ,N BELL SCHOOL RD,633 N BELL SCHOOL RD,Rockford,RP10,2017-11-27 03:42:30,2017-11-27,03:42:30,CHECK FOR WELL BEING
17-148100,2815 ,11TH ST,2815 11TH ST,Rockford,RP07,2017-11-27 03:39:30,2017-11-27,03:39:30,CRIMINAL DAMAGE TO PROPERTY 
17-148101, ,KENNETT AVE&N SPRINGFIELD AVE,KENNETT AVE&N SPRINGFIELD AVE,Rockford,RP04,2017-11-27 03:57:07,2017-11-27,03:57:07,SUSPICIOUS INCIDENT
17-148102,225 ,N COURT ST,225 N COURT ST,Rockford,RP03,2017-11-27 04:14:08,2017-11-27,04:14:08,CRIMINAL TRESPASS TO LAND
17-148103,2323 ,CHARLES ST,2323 CHARLES ST,Rockford,RP05,2017-11-27 04:20:49,2017-11-27,04:20:49,BUILDING CHECK
17-148106, ,N ALPINE RD&DUNBAR PL,N ALPINE RD&DUNBAR PL,Rockford,RP08,2017-11-27 05:10:02,2017-11-27,05:10:02,TRAFFIC STOP
17-148107,1100 ,SEMINARY ST,1100 SEMINARY ST,Rockford,RP06,2017-11-27 05:16:17,2017-11-27,05:16:17,ALARM - BUSINESS
17-148108,724 ,AUBURN ST,724 AUBURN ST,Rockford,RP02,2017-11-27 05:57:45,2017-11-27,05:57:45,CITIZEN REQUESTS STANDBY
17-148109,2921 ,CITY VIEW DR,2921 CITY VIEW DR,Rockford,RP01,2017-11-27 05:56:15,2017-11-27,05:56:15,ALARM - BUSINESS
17-148110,3003 ,SUMMERDALE AVE,3003 SUMMERDALE AVE,Rockford,RP01,2017-11-27 06:06:16,2017-11-27,06:06:16,CHECK FOR WELL BEING
17-148111,4879 ,CREEKVIEW RD,4879 CREEKVIEW RD,Rockford,RP09,2017-11-27 06:09:10,2017-11-27,06:09:10,CHECK FOR WELL BEING
17-148115,500 ,S INDEPENDENCE AVE,500 S INDEPENDENCE AVE,Rockford,RP04,2017-11-27 07:01:42,2017-11-27,07:01:42,ASSIGN ERRAND DELIVERY
17-148117,3849 ,NORTHRIDGE DR,3849 NORTHRIDGE DR,Rockford,RP08,2017-11-27 07:14:05,2017-11-27,07:14:05,SUSPICIOUS AUTO
17-148118,724 ,AUBURN ST,724 AUBURN ST,Rockford,RP02,2017-11-27 07:15:27,2017-11-27,07:15:27,INVESTIGATION NON-SPECIFIC
17-148120,947 ,N ROCKTON AVE,947 N ROCKTON AVE,Rockford,RP02,2017-11-27 07:21:34,2017-11-27,07:21:34,DEPARTMENT SERVICE/ACTIVITY PRELIMINARY FOLLOW-UP
17-148121,304 ,PARIS AVE,304 PARIS AVE,Rockford,RP05,2017-11-27 07:29:04,2017-11-27,07:29:04,THEFT VEHICLE:AUTOS
17-148122,325 ,N CHICAGO AVE,325 N CHICAGO AVE,Rockford,RP05,2017-11-27 07:40:29,2017-11-27,07:40:29,BUILDING CHECK
17-148125, ,KILBURN AVE&W STATE ST,KILBURN AVE&W STATE ST,Rockford,RP03,2017-11-27 07:50:43,2017-11-27,07:50:43,TRAFFIC STOP
17-148126,5110 ,AUBURN ST,5110 AUBURN ST,Rockford,RP04,2017-11-27 07:50:53,2017-11-27,07:50:53,TRAFFIC STOP
17-148127,400 ,W STATE ST,400 W STATE ST,Rockford,RP03,2017-11-27 07:54:15,2017-11-27,07:54:15,ASSIGN ERRAND DELIVERY
17-148128,1202 ,GRANT AVE,1202 GRANT AVE,Rockford,RP02,2017-11-27 07:59:41,2017-11-27,07:59:41,CHECK FOR WELL BEING
17-148133, ,JILSON AVE&SCHOOL ST,JILSON AVE&SCHOOL ST,Rockford,RP02,2017-11-27 08:17:55,2017-11-27,08:17:55,TRAFFIC STOP
17-148134,4990 ,SKY MIST WAY,4990 SKY MIST WAY,Rockford,RP01,2017-11-27 08:25:30,2017-11-27,08:25:30,CHECK FOR WELL BEING
17-148135, ,N MADISON ST&E STATE ST,N MADISON ST&E STATE ST,Rockford,RP05,2017-11-27 08:26:07,2017-11-27,08:26:07,FOUND ARTICLE
17-148136,1215 ,OGILBY RD,1215 OGILBY RD,Rockford,RP03,2017-11-27 08:39:53,2017-11-27,08:39:53,BUILDING CHECK
17-148139, ,11TH AVE&S 6TH ST,11TH AVE&S 6TH ST,Rockford,RP06,2017-11-27 08:59:11,2017-11-27,08:59:11,SUSPICIOUS AUTO
17-148140,2217 ,23RD ST,2217 23RD ST,Rockford,RP09,2017-11-27 09:10:03,2017-11-27,09:10:03,CITIZEN REQUESTS STANDBY
17-148141,1118 ,FURMAN ST,1118 FURMAN ST,Rockford,RP04,2017-11-27 09:10:26,2017-11-27,09:10:26,CRIMINAL TRESPASS TO LAND
17-148143,3039 ,JACQUELINE CT,3039 JACQUELINE CT,Rockford,RP07,2017-11-27 09:17:30,2017-11-27,09:17:30,WARRANT SERVICE
17-148151,6100 ,E STATE ST,6100 E STATE ST,Rockford,RP10,2017-11-27 09:29:01,2017-11-27,09:29:01,SPECIAL FOOT PATROL
17-148152,4822 ,HAMPSHIRE CL,4822 HAMPSHIRE CL,Rockford,RP07,2017-11-27 09:30:14,2017-11-27,09:30:14,WARRANT SERVICE
17-148153,1136 ,4TH AVE,1136 4TH AVE,Rockford,RP05,2017-11-27 09:31:27,2017-11-27,09:31:27,IN PROGRESS PERSON (SHOOTING, STABBING, ARMED ROBBERY, ETC.)
17-148155, ,AUBURN ST&N CENTRAL AVE,AUBURN ST&N CENTRAL AVE,Rockford,RP04,2017-11-27 09:39:36,2017-11-27,09:39:36,SUSPICIOUS AUTO
17-148156,7712 ,POTAWATOMI TRL,7712 POTAWATOMI TRL,Rockford,RP10,2017-11-27 09:40:13,2017-11-27,09:40:13,DEPARTMENT SERVICE/ACTIVITY PRELIMINARY FOLLOW-UP
17-148157, ,AUBURN ST&N JOHNSTON AVE,AUBURN ST&N JOHNSTON AVE,Rockford,RP04,2017-11-27 09:41:43,2017-11-27,09:41:43,TRAFFIC STOP
17-148159,1907 ,15TH AVE,1907 15TH AVE,Rockford,RP06,2017-11-27 10:07:03,2017-11-27,10:07:03,CITIZEN REQUESTS STANDBY
17-148160,1600 ,N MULFORD RD,1600 N MULFORD RD,Rockford,RP08,2017-11-27 09:46:59,2017-11-27,09:46:59,TRAFFIC STOP
17-148161,1600 ,N MULFORD RD,1600 N MULFORD RD,Rockford,RP08,2017-11-27 09:47:41,2017-11-27,09:47:41,TRAFFIC STOP
17-148164,4571 ,GUILFORD RD,4571 GUILFORD RD,Rockford,RP08,2017-11-27 09:50:34,2017-11-27,09:50:34,INVESTIGATION NON-SPECIFIC
17-148165,126 ,N MADISON ST,126 N MADISON ST,Rockford,RP05,2017-11-27 09:56:01,2017-11-27,09:56:01,CHECK FOR WELL BEING
17-148166,2412 ,MIDWAY DR,2412 MIDWAY DR,Rockford,RP01,2017-11-27 09:54:33,2017-11-27,09:54:33,WARRANT SERVICE
17-148167,3121 ,SUMMERDALE AVE,3121 SUMMERDALE AVE,Rockford,RP01,2017-11-27 10:21:17,2017-11-27,10:21:17,WARRANT SERVICE
17-148170,2815 ,11TH ST,2815 11TH ST,Rockford,RP07,2017-11-27 10:13:23,2017-11-27,10:13:23,CRIMINAL DAMAGE TO PROPERTY 
17-148174,2704 ,N MAIN ST,2704 N MAIN ST,Rockford,RP01,2017-11-27 10:30:59,2017-11-27,10:30:59,911 HANG UP
17-148176,528 ,N COURT ST,528 N COURT ST,Rockford,RP02,2017-11-27 10:28:12,2017-11-27,10:28:12,CITIZEN REQUESTS STANDBY
17-148177, ,MULBERRY ST&N WINNEBAGO ST,MULBERRY ST&N WINNEBAGO ST,Rockford,RP03,2017-11-27 10:25:14,2017-11-27,10:25:14,SUSPICIOUS AUTO
17-148178,1134 ,BROADWAY,1134 BROADWAY,Rockford,RP06,2017-11-27 10:39:44,2017-11-27,10:39:44,ALARM - BUSINESS
17-148181,3631 ,N ROCKTON AVE,3631 N ROCKTON AVE,Rockford,RP01,2017-11-27 10:44:13,2017-11-27,10:44:13,ALARM - BUSINESS
17-148182,4405 ,HIGHCREST RD,4405 HIGHCREST RD,Rockford,RP08,2017-11-27 10:53:17,2017-11-27,10:53:17,911 HANG UP
17-148183, ,EXECUTIVE PKWY&N MULFORD RD,EXECUTIVE PKWY&N MULFORD RD,Rockford,RP10,2017-11-27 10:48:34,2017-11-27,10:48:34,TRAFFIC ACCIDENT W/INJURIES
17-148186,100 ,WILLARD AVE,100 WILLARD AVE,Rockford,RP04,2017-11-27 10:50:38,2017-11-27,10:50:38,ABANDONED VEHICLE
17-148188,128 ,N GARDINER AVE,128 N GARDINER AVE,Rockford,RP05,2017-11-27 10:56:14,2017-11-27,10:56:14,INVESTIGATION NON-SPECIFIC
17-148189,7434 ,E STATE ST,7434 E STATE ST,Rockford,RP10,2017-11-27 11:03:12,2017-11-27,11:03:12,ABANDONED VEHICLE
17-148190,3134 ,11TH ST,3134 11TH ST,Rockford,RP07,2017-11-27 11:09:28,2017-11-27,11:09:28,SHOPLIFTER
17-148191,724 ,AUBURN ST,724 AUBURN ST,Rockford,RP02,2017-11-27 11:06:09,2017-11-27,11:06:09,INVESTIGATION NON-SPECIFIC
17-148195,511 ,HOWARD AVE,511 HOWARD AVE,Rockford,RP04,2017-11-27 11:19:16,2017-11-27,11:19:16,CRIMINAL DAMAGE TO PROPERTY 
17-148199,715 ,BROADWAY,715 BROADWAY,Rockford,RP06,2017-11-27 11:31:21,2017-11-27,11:31:21,TELEPHONE THREAT
17-148200, ,BROOKE RD&KISHWAUKEE ST,BROOKE RD&KISHWAUKEE ST,Rockford,RP07,2017-11-27 11:38:52,2017-11-27,11:38:52,Walk-in Report
17-148201,414 ,E STATE ST,414 E STATE ST,Rockford,RP05,2017-11-27 11:38:37,2017-11-27,11:38:37,SUSPICIOUS PERSON
17-148207, ,OLD COLONY BND&WOODCREEK BND,OLD COLONY BND&WOODCREEK BND,Rockford,RP10,2017-11-27 11:44:09,2017-11-27,11:44:09,ABANDONED VEHICLE
17-148208,1507 ,BARTON BLVD,1507 BARTON BLVD,Rockford,RP01,2017-11-27 11:56:12,2017-11-27,11:56:12,LOUD MUSIC
17-148209,2702 ,RUDEEN CL,2702 RUDEEN CL,Rockford,RP09,2017-11-27 11:59:06,2017-11-27,11:59:06,OTHER DISORDERLY CONDUCT
17-148210, ,N ALPINE RD&SPRING CREEK RD,N ALPINE RD&SPRING CREEK RD,Rockford,RP08,2017-11-27 11:59:55,2017-11-27,11:59:55,CHECK FOR WELL BEING
17-148213,1015 ,SUNSET CT,1015 SUNSET CT,Rockford,RP03,2017-11-27 12:34:01,2017-11-27,12:34:01,CITIZEN REQUESTS STANDBY
17-148214, ,ELM ST&S PIERPONT AVE,ELM ST&S PIERPONT AVE,Rockford,RP04,2017-11-27 12:11:11,2017-11-27,12:11:11,TRAFFIC STOP
17-148216,6500 ,E STATE ST,6500 E STATE ST,Rockford,RP10,2017-11-27 12:21:05,2017-11-27,12:21:05,CITIZEN REQUESTS STANDBY
17-148218, ,EDDY AVE&N MAIN ST,EDDY AVE&N MAIN ST,Rockford,RP01,2017-11-27 12:22:40,2017-11-27,12:22:40,TRAFFIC-SIGN/SIGNAL
17-148221,502 ,SEMINARY ST,502 SEMINARY ST,Rockford,RP05,2017-11-27 12:41:05,2017-11-27,12:41:05,CELLULAR 911 HANGUP
17-148227,728 ,N PROSPECT ST,728 N PROSPECT ST,Rockford,RP05,2017-11-27 12:52:58,2017-11-27,12:52:58,DEPARTMENT SERVICE/ACTIVITY PRELIMINARY FOLLOW-UP
17-148228, ,N PERRYVILLE RD&E STATE ST,N PERRYVILLE RD&E STATE ST,Rockford,RP10,2017-11-27 12:57:38,2017-11-27,12:57:38,TRAFFIC ACCIDENT W/NO INJURIES PROPERTY DAMAGE ONLY
17-148235,630 ,E STATE ST,630 E STATE ST,Rockford,RP05,2017-11-27 13:19:22,2017-11-27,13:19:22,OTHER PUBLIC COMPLAINT
17-148236,3512 ,HARNEY CT,3512 HARNEY CT,Rockford,RP09,2017-11-27 13:20:50,2017-11-27,13:20:50,FOUND ARTICLE
17-148238,1200 ,W STATE ST,1200 W STATE ST,Rockford,RP03,2017-11-27 13:27:43,2017-11-27,13:27:43,CHECK FOR WELL BEING
17-148241,3458 ,35TH ST,3458 35TH ST,Rockford,RP07,2017-11-27 13:35:43,2017-11-27,13:35:43,CITIZEN REQUESTS STANDBY
17-148244,502 ,SEMINARY ST,502 SEMINARY ST,Rockford,RP05,2017-11-27 13:34:43,2017-11-27,13:34:43,TRAFFIC ACCIDENT W/NO INJURIES PROPERTY DAMAGE ONLY
17-148249,1012 ,18TH AVE,1012 18TH AVE,Rockford,RP06,2017-11-27 13:42:34,2017-11-27,13:42:34,CITIZEN REQUESTS STANDBY
17-148251,511 ,N LONGWOOD ST,511 N LONGWOOD ST,Rockford,RP05,2017-11-27 13:44:11,2017-11-27,13:44:11,OTHER DISORDERLY CONDUCT
17-148253, ,N COURT ST&GRACE ST,N COURT ST&GRACE ST,Rockford,RP01,2017-11-27 13:47:11,2017-11-27,13:47:11,WEAPONS VIOLATION
17-148255,7712 ,POTAWATOMI TRL,7712 POTAWATOMI TRL,Rockford,RP10,2017-11-27 13:47:46,2017-11-27,13:47:46,DEPARTMENT SERVICE/ACTIVITY PRELIMINARY FOLLOW-UP
17-148256,224 ,N ALPINE RD,224 N ALPINE RD,Rockford,RP08,2017-11-27 14:19:58,2017-11-27,14:19:58,CHECK FOR WELL BEING
17-148258,1800 ,OGILBY RD,1800 OGILBY RD,Rockford,RP03,2017-11-27 13:57:04,2017-11-27,13:57:04,SIMPLE BATTERY
17-148260,2528 ,16TH AVE,2528 16TH AVE,Rockford,RP09,2017-11-27 14:14:39,2017-11-27,14:14:39,PARKING COMPLAINT
17-148263,505 ,N MAIN ST,505 N MAIN ST,Rockford,RP02,2017-11-27 14:49:16,2017-11-27,14:49:16,OTHER DISORDERLY CONDUCT
17-148264,6640 ,E STATE ST,6640 E STATE ST,Rockford,RP10,2017-11-27 14:22:04,2017-11-27,14:22:04,OTHER PUBLIC COMPLAINT
17-148267,4015 ,PEPPER DR,4015 PEPPER DR,Rockford,RP08,2017-11-27 14:21:23,2017-11-27,14:21:23,PARKING COMPLAINT
17-148272,630 ,15TH AVE,630 15TH AVE,Rockford,RP06,2017-11-27 14:23:04,2017-11-27,14:23:04,OTHER DISORDERLY CONDUCT
17-148276,4203 ,AMHERST LN,4203 AMHERST LN,Rockford,RP09,2017-11-27 14:28:03,2017-11-27,14:28:03,SUSPICIOUS PERSON
17-148280,7070 ,CHERRYVALE NORTH BLVD,7070 CHERRYVALE NORTH BLVD,Rockford,CV01,2017-11-27 14:30:17,2017-11-27,14:30:17,ASSIGN ERRAND DELIVERY
17-148281,1411 ,FLORIST DR,1411 FLORIST DR,Rockford,RP09,2017-11-27 14:58:37,2017-11-27,14:58:37,CITIZEN REQUESTS STANDBY
17-148283,2420 ,RURAL ST,2420 RURAL ST,Rockford,RP08,2017-11-27 14:34:14,2017-11-27,14:34:14,ALARM - BUSINESS
17-148288, ,S PERRYVILLE RD&E STATE ST,S PERRYVILLE RD&E STATE ST,Rockford,RP10,2017-11-27 14:43:26,2017-11-27,14:43:26,ACCIDENT UNKNOWN INJ
17-148290,126 ,N WATER ST,126 N WATER ST,Rockford,RP05,2017-11-27 14:49:19,2017-11-27,14:49:19,CHECK FOR WELL BEING
17-148291,1414 ,BIRCH CT,1414 BIRCH CT,Rockford,RP06,2017-11-27 14:51:00,2017-11-27,14:51:00,DEPARTMENT SERVICE/ACTIVITY PRELIMINARY FOLLOW-UP
